GEOID,building_count,damage_score_mean,damage_score_std,share_no-damage,share_minor-damage,share_major-damage,share_destroyed,income_2017,pov_rate_2017,median_home_value_2017,renter_pct_2017,median_year_built_2017,pop_density_2017,exposure_proxy,building_density,median_building_age
011250105001,648,0.11574074074074074,0.43123675428341085,0.9151234567901234,0.06481481481481481,0.009259259259259259,0.010802469135802469,28750,,69700,0.2742268041237113,1961,1331,0.0,1.331,59
011250105002,253,0.10276679841897234,0.49332071750723394,0.9486166007905138,0.023715415019762844,0.003952569169960474,0.023715415019762844,35347,,56900,0.2516778523489933,1964,883,0.0,0.883,56
011250106012,260,0.038461538461538464,0.2455423798269054,0.9692307692307692,0.026923076923076925,0.0,0.0038461538461538464,46853,,123400,0.1867124856815578,1995,2535,0.0,2.535,25
011250106013,904,0.6858407079646017,1.1318302003856078,0.6847345132743363,0.10619469026548672,0.04756637168141593,0.16150442477876106,39375,,67700,0.1002949852507374,1993,1136,0.0,1.136,27
011250108031,765,1.2183006535947711,1.2885641745765672,0.44052287581699345,0.20392156862745098,0.05228758169934641,0.3032679738562091,18026,,84200,0.5883534136546185,1983,1496,0.0,1.496,37
011250108032,270,0.025925925925925925,0.15920946104173256,0.9740740740740741,0.025925925925925925,0.0,0.0,50288,,208000,0.7308347529812607,1992,1539,0.0,1.539,28
011250108041,41,0.0,0.0,1.0,0.0,0.0,0.0,47829,,123500,0.1924603174603174,1973,1315,0.0,1.315,47
011250112001,36,0.0,0.0,1.0,0.0,0.0,0.0,25833,,292900,0.8580246913580247,1991,7307,0.0,7.307,29
011250114011,75,0.0,0.0,1.0,0.0,0.0,0.0,29597,,343200,0.4831932773109244,1964,438,0.0,0.438,56
011250114012,317,0.0,0.0,1.0,0.0,0.0,0.0,9223,,-666666666,0.8878923766816144,1988,684,0.0,0.684,32
011250114013,149,0.0,0.0,1.0,0.0,0.0,0.0,5379,,178800,0.8697916666666666,1993,1399,0.0,1.399,27
011250119011,367,0.4604904632152589,0.7843710921207537,0.6811989100817438,0.21798365122615804,0.05994550408719346,0.04087193460490463,24135,,227100,0.7934386391251519,1986,1614,0.0,1.614,34
011250119012,130,1.0692307692307692,1.3129554892970943,0.5307692307692308,0.16153846153846155,0.015384615384615385,0.2923076923076923,65694,,156500,0.5615763546798029,1956,492,0.0,0.492,64
011250119013,221,0.12217194570135746,0.36743185803668127,0.8868778280542986,0.1085972850678733,0.0,0.004524886877828055,33217,,97400,0.8540925266903915,1961,781,0.0,0.781,59
011250119021,45,0.0,0.0,1.0,0.0,0.0,0.0,14138,,136100,0.85,2003,899,0.0,0.899,17
011250119022,359,0.5097493036211699,0.9390888806724241,0.713091922005571,0.15598885793871867,0.03899721448467967,0.09192200557103064,19737,,90800,0.8430493273542601,1960,945,0.0,0.945,60
011250124031,30,0.0,0.0,1.0,0.0,0.0,0.0,51563,,158700,0.6713147410358565,1984,1090,0.0,1.09,36
011250126001,80,0.0,0.0,1.0,0.0,0.0,0.0,23120,,416100,0.8006088280060882,1997,1702,0.0,1.702,23
011250127001,233,0.3776824034334764,0.5201290808699437,0.6351931330472103,0.3562231759656652,0.004291845493562232,0.004291845493562232,38539,,110300,0.3513257575757575,1998,3559,0.0,3.559,22
011250127002,661,0.20726172465960666,0.46156050150324845,0.8093797276853253,0.1815431164901664,0.0015128593040847202,0.007564296520423601,66862,,192500,0.323671497584541,1961,1532,0.0,1.532,59
011250128001,438,0.1278538812785388,0.43010344838437686,0.8972602739726028,0.08904109589041095,0.00228310502283105,0.01141552511415525,25865,,90300,0.5251509054325956,1971,1361,0.0,1.361,49
011250128002,690,1.5043478260869565,1.1317344514866414,0.2217391304347826,0.34492753623188405,0.14057971014492754,0.2927536231884058,39708,,99500,0.4132492113564668,1966,1105,0.0,1.105,54
060378003241,125,0.0,0.0,1.0,0.0,0.0,0.0,179306,,615700,0.0485074626865671,1974,755,0.0,0.755,46
060378003244,111,0.0,0.0,1.0,0.0,0.0,0.0,124026,,683600,0.053030303030303,1983,2175,0.0,2.175,37
060378003251,100,0.0,0.0,1.0,0.0,0.0,0.0,118309,,765700,0.135251798561151,1966,1676,0.0,1.676,54
060378003252,160,0.0,0.0,1.0,0.0,0.0,0.0,116125,,888700,0.1378881987577639,1969,1713,0.0,1.713,51
060378003281,308,0.0,0.0,1.0,0.0,0.0,0.0,121923,,608200,0.1918367346938775,1975,1604,0.0,1.604,45
060378004061,3850,1.305974025974026,1.451167777434836,0.5384415584415584,0.025194805194805193,0.028311688311688312,0.40805194805194805,140179,,1615600,0.1357758620689655,1982,1671,0.0,1.671,38
060378004062,2310,0.35844155844155845,0.9534897244649223,0.8705627705627705,0.010822510822510822,0.008225108225108226,0.11038961038961038,138438,,2000001,0.2727272727272727,1975,544,0.0,0.544,45
060378004101,993,0.6072507552870091,1.1798150289696245,0.7804632426988922,0.02014098690835851,0.011077542799597181,0.18831822759315206,113500,,1568200,0.2204472843450479,1977,4052,0.0,4.052,43
060971515031,57,0.0,0.0,1.0,0.0,0.0,0.0,128065,,819400,0.0582706766917293,1980,1215,0.0,1.215,40
060971515032,349,0.0,0.0,1.0,0.0,0.0,0.0,146000,,716700,0.0714285714285714,1985,854,0.0,0.854,35
060971515033,340,0.0,0.0,1.0,0.0,0.0,0.0,134464,,661700,0.0452586206896551,1982,1306,0.0,1.306,38
060971515041,23,0.0,0.0,1.0,0.0,0.0,0.0,87697,,516000,0.1806615776081425,1972,1040,0.0,1.04,48
060971515042,90,0.0,0.0,1.0,0.0,0.0,0.0,113000,,472800,0.2209302325581395,1963,1158,0.0,1.158,57
060971515043,173,0.0,0.0,1.0,0.0,0.0,0.0,89318,,540900,0.2410358565737052,1976,1316,0.0,1.316,44
060971518001,419,0.0,0.0,1.0,0.0,0.0,0.0,79928,,445100,0.3529411764705882,1954,1064,0.0,1.064,66
060971518002,73,0.0,0.0,1.0,0.0,0.0,0.0,62273,,448100,0.3170731707317073,1955,461,0.0,0.461,65
060971518003,70,0.0,0.0,1.0,0.0,0.0,0.0,87472,,473300,0.3927765237020316,1948,1065,0.0,1.065,72
060971518004,23,0.0,0.0,1.0,0.0,0.0,0.0,52417,,448400,0.4633471645919779,1956,2009,0.0,2.009,64
060971518005,36,0.0,0.0,1.0,0.0,0.0,0.0,56833,,419400,0.3443396226415094,1956,434,0.0,0.434,64
060971519001,114,0.0,0.0,1.0,0.0,0.0,0.0,53472,,319600,0.755700325732899,1947,784,0.0,0.784,73
060971519002,62,0.0,0.0,1.0,0.0,0.0,0.0,70750,,443100,0.7127272727272728,1941,861,0.0,0.861,79
060971519003,121,0.0,0.0,1.0,0.0,0.0,0.0,60882,,364500,0.4795918367346938,1939,556,0.0,0.556,81
060971519004,61,0.0,0.0,1.0,0.0,0.0,0.0,27852,,364000,0.8197343453510436,1970,1143,0.0,1.143,50
060971520001,89,0.0,0.0,1.0,0.0,0.0,0.0,43011,,395000,0.8951781970649895,1957,906,0.0,0.906,63
060971521001,168,2.0,1.401453479887015,0.32142857142857145,0.011904761904761904,0.011904761904761904,0.6547619047619048,34663,,-666666666,0.3924050632911392,1964,1449,0.0,1.449,56
060971521002,38,0.0,0.0,1.0,0.0,0.0,0.0,80833,,372700,0.5625,1953,760,0.0,0.76,67
060971521003,35,0.0,0.0,1.0,0.0,0.0,0.0,70469,,386500,0.4470588235294118,1945,887,0.0,0.887,75
060971522011,49,0.0,0.0,1.0,0.0,0.0,0.0,77102,,458100,0.5346062052505967,1969,823,0.0,0.823,51
060971522012,93,0.0,0.0,1.0,0.0,0.0,0.0,49359,,466300,0.7418604651162791,1955,1079,0.0,1.079,65
060971522031,145,0.0,0.0,1.0,0.0,0.0,0.0,62039,,659400,0.2893772893772894,1946,502,0.0,0.502,74
060971522032,179,0.0,0.0,1.0,0.0,0.0,0.0,77500,,524600,0.4462365591397849,1939,788,0.0,0.788,81
060971522034,184,0.0,0.0,1.0,0.0,0.0,0.0,43194,,678100,0.8285163776493256,1951,936,0.0,0.936,69
060971523001,236,0.0,0.0,1.0,0.0,0.0,0.0,69706,,592600,0.3474025974025974,1964,1451,0.0,1.451,56
060971523002,79,0.0,0.0,1.0,0.0,0.0,0.0,83571,,658100,0.1740331491712707,1962,937,0.0,0.937,58
060971523003,117,0.0,0.0,1.0,0.0,0.0,0.0,104150,,651100,0.1956989247311828,1961,1015,0.0,1.015,59
060971523004,241,0.0,0.0,1.0,0.0,0.0,0.0,131944,,645500,0.2454545454545454,1951,771,0.0,0.771,69
060971525011,31,0.0,0.0,1.0,0.0,0.0,0.0,70962,,548600,0.6172680412371134,1987,1639,0.0,1.639,33
060971525012,99,0.0,0.0,1.0,0.0,0.0,0.0,67287,,462500,0.440766550522648,1972,1879,0.0,1.879,48
060971525013,103,0.0,0.0,1.0,0.0,0.0,0.0,57333,,416700,0.4733727810650887,1967,867,0.0,0.867,53
060971525021,328,0.0,0.0,1.0,0.0,0.0,0.0,73125,,500000,0.3485342019543974,1975,1883,0.0,1.883,45
060971525022,125,0.0,0.0,1.0,0.0,0.0,0.0,50791,,-666666666,0.4609218436873747,1975,1065,0.0,1.065,45
060971527011,657,2.016742770167428,1.389648045856899,0.3120243531202435,0.0197869101978691,0.0076103500761035,0.6605783866057838,161705,,752400,0.1800433839479392,1984,1248,0.0,1.248,36
060971527012,54,0.0,0.0,1.0,0.0,0.0,0.0,80735,,392800,0.4404761904761904,1984,1020,0.0,1.02,36
060971527013,176,0.7727272727272727,1.2624445468083876,0.7045454545454546,0.045454545454545456,0.022727272727272728,0.22727272727272727,94018,,544800,0.1937984496124031,1984,916,0.0,0.916,36
060971527014,116,0.0,0.0,1.0,0.0,0.0,0.0,73261,,405600,0.562874251497006,1979,1000,0.0,1.0,41
060971527015,456,0.0,0.0,1.0,0.0,0.0,0.0,30135,,105700,0.1463815789473684,1970,1240,0.0,1.24,50
060971527021,696,1.8505747126436782,1.452588743491888,0.3793103448275862,0.0014367816091954023,0.008620689655172414,0.610632183908046,58242,,-666666666,0.6717557251908397,1959,921,0.0,0.921,61
060971527022,260,1.523076923076923,1.4898129478369488,0.4846153846153846,0.0038461538461538464,0.015384615384615385,0.49615384615384617,57063,,506900,0.6652806652806653,1977,1251,0.0,1.251,43
060971527023,43,0.09302325581395349,0.4261652646328928,0.9534883720930233,0.0,0.046511627906976744,0.0,113636,,563700,0.0625,1983,795,0.0,0.795,37
060971528011,693,1.225108225108225,1.4628754233243357,0.5829725829725829,0.007215007215007215,0.011544011544011544,0.39826839826839827,53594,,423000,0.5781544256120528,1977,1337,0.0,1.337,43
060971528012,474,2.9240506329113924,0.4717513203088353,0.02531645569620253,0.0,0.0,0.9746835443037974,114894,,433200,0.1917475728155339,1985,1239,0.0,1.239,35
060971528013,495,1.7575757575757576,1.47647482769603,0.4121212121212121,0.00202020202020202,0.00202020202020202,0.5838383838383838,84375,,460800,0.3498759305210918,1989,1167,0.0,1.167,31
060971528014,677,1.7370753323485968,1.477243259143024,0.41802067946824223,0.0014771048744460858,0.005908419497784343,0.5745937961595273,106563,,435300,0.184,-666666666,748,0.0,0.748,666668686
060971529032,101,0.0,0.0,1.0,0.0,0.0,0.0,57993,,350700,0.6900489396411092,1978,1882,0.0,1.882,42
060971529044,85,0.0,0.0,1.0,0.0,0.0,0.0,87132,,468500,0.3577023498694517,1981,1305,0.0,1.305,39
060971529051,417,0.6498800959232613,1.231480595357596,0.7793764988009593,0.004796163069544364,0.002398081534772182,0.21342925659472423,57586,,220800,0.4439834024896265,1986,1113,0.0,1.113,34
060971529052,189,0.0,0.0,1.0,0.0,0.0,0.0,86019,,453800,0.3178410794602698,1988,1894,0.0,1.894,32
060971529053,163,0.0,0.0,1.0,0.0,0.0,0.0,81023,,453800,0.3114754098360656,1991,1344,0.0,1.344,29
060971529061,110,0.0,0.0,1.0,0.0,0.0,0.0,86939,,543100,0.396681749622926,1993,3808,0.0,3.808,27
060971529062,524,0.0,0.0,1.0,0.0,0.0,0.0,105200,,694500,0.2071240105540897,1973,2040,0.0,2.04,47
060971530011,59,0.0,0.0,1.0,0.0,0.0,0.0,48821,,-666666666,0.985594237695078,1975,2032,0.0,2.032,45
060971530012,197,0.0,0.0,1.0,0.0,0.0,0.0,61559,,373800,0.3924050632911392,1974,2175,0.0,2.175,46
060971530013,349,0.0,0.0,1.0,0.0,0.0,0.0,47697,,375200,0.5474452554744526,1994,2982,0.0,2.982,26
060971530021,207,0.0,0.0,1.0,0.0,0.0,0.0,52306,,-666666666,0.5747747747747748,1955,1533,0.0,1.533,65
060971530022,150,0.0,0.0,1.0,0.0,0.0,0.0,64461,,350000,0.4081632653061224,1968,2256,0.0,2.256,52
060971530024,137,0.0,0.0,1.0,0.0,0.0,0.0,54188,,332900,0.5465393794749404,1968,1012,0.0,1.012,52
060971530031,272,0.0,0.0,1.0,0.0,0.0,0.0,48864,,357300,0.4627659574468085,1970,1189,0.0,1.189,50
060971530033,243,0.0,0.0,1.0,0.0,0.0,0.0,60290,,426900,0.5847589424572317,1976,1944,0.0,1.944,44
060971530034,122,0.0,0.0,1.0,0.0,0.0,0.0,56927,,227500,0.3055555555555556,1983,1986,0.0,1.986,37
060971530053,252,0.0,0.0,1.0,0.0,0.0,0.0,46736,,-666666666,0.2327746741154562,1984,1186,0.0,1.186,36
060971530056,125,0.0,0.0,1.0,0.0,0.0,0.0,71852,,493500,0.54,1979,1439,0.0,1.439,41
060971530061,163,0.0,0.0,1.0,0.0,0.0,0.0,51848,,332400,0.1655629139072847,1978,569,0.0,0.569,42
060971530062,200,0.0,0.0,1.0,0.0,0.0,0.0,78681,,361700,0.2161172161172161,1979,815,0.0,0.815,41
060971530063,116,0.0,0.0,1.0,0.0,0.0,0.0,74730,,364100,0.3006833712984054,1983,1209,0.0,1.209,37
060971530066,35,0.0,0.0,1.0,0.0,0.0,0.0,51850,,267500,0.2220039292730845,1983,1232,0.0,1.232,37
060971531021,58,0.0,0.0,1.0,0.0,0.0,0.0,54762,,348400,0.467005076142132,1968,1736,0.0,1.736,52
060971531022,107,0.0,0.0,1.0,0.0,0.0,0.0,51125,,333000,0.6099290780141844,1966,1483,0.0,1.483,54
060971531031,119,0.0,0.0,1.0,0.0,0.0,0.0,70682,,394600,0.4886363636363636,1997,2255,0.0,2.255,23
060971531032,175,0.0,0.0,1.0,0.0,0.0,0.0,55263,,336700,0.3362445414847161,1971,1374,0.0,1.374,49
060971538091,318,0.0031446540880503146,0.05607721540920443,0.9968553459119497,0.0031446540880503146,0.0,0.0,92444,,567700,0.2140221402214022,1986,1387,0.0,1.387,34
061110059073,58,0.0,0.0,1.0,0.0,0.0,0.0,113220,,806800,0.0614525139664804,1974,1294,0.0,1.294,46
061110073001,1821,0.3585941790225151,0.9506614241992803,0.8676551345414607,0.016474464579901153,0.0054914881933003845,0.11037891268533773,173611,,2000001,0.1725888324873096,1988,1868,0.0,1.868,32
061110074051,558,0.0,0.0,1.0,0.0,0.0,0.0,137930,,608000,0.4870259481037924,1989,3942,0.0,3.942,31
061110074052,235,0.01276595744680851,0.1956984219160326,0.9957446808510638,0.0,0.0,0.00425531914893617,113750,,677000,0.1632183908045977,1974,1178,0.0,1.178,46
061110074053,63,0.0,0.0,1.0,0.0,0.0,0.0,142524,,701000,0.0528735632183908,1984,1227,0.0,1.227,36
120050007001,778,0.903598971722365,0.764200546157863,0.2866323907455013,0.5809768637532133,0.07455012853470437,0.05784061696658098,62356,,-666666666,1.0,1995,3557,0.0,3.557,25
120050009002,89,1.0449438202247192,1.0325400317965945,0.3595505617977528,0.38202247191011235,0.11235955056179775,0.14606741573033707,60606,,105600,0.365,1986,1217,0.0,1.217,34
120050009003,73,1.0684931506849316,1.0182878757350995,0.3698630136986301,0.3013698630136986,0.2191780821917808,0.1095890410958904,50167,,134000,0.5163551401869159,1982,1088,0.0,1.088,38
120050010001,157,0.9745222929936306,0.9802475131311668,0.40764331210191085,0.2929936305732484,0.21656050955414013,0.08280254777070063,47045,,104300,0.2463414634146341,1967,1240,0.0,1.24,53
120050010002,787,0.963151207115629,1.023845085718571,0.44599745870393903,0.241423125794155,0.21601016518424396,0.096569250317662,24375,,70000,0.5742574257425742,1958,1121,0.0,1.121,62
120050011001,43,0.5116279069767442,0.6680495071209637,0.5581395348837209,0.3953488372093023,0.023255813953488372,0.023255813953488372,38846,,130200,0.4524714828897338,1984,1715,0.0,1.715,36
120050011003,722,0.8337950138504155,0.9258615972020009,0.46398891966759004,0.29916897506925205,0.17590027700831026,0.060941828254847646,26875,,136400,0.5220729366602687,1972,1403,0.0,1.403,48
120050012001,1077,0.9925719591457753,1.0319886312417579,0.4159702878365831,0.29526462395543174,0.16898792943361188,0.11977715877437325,36266,,54500,0.4482758620689655,1989,1948,0.0,1.948,31
120050012002,662,0.8610271903323263,0.961603632169604,0.45770392749244715,0.3066465256797583,0.15256797583081572,0.08308157099697885,54085,,119200,0.2541806020066889,1996,1548,0.0,1.548,24
120050013012,1731,0.49797804737146156,0.7733804346035849,0.6418255343731947,0.25245522819179667,0.07163489312536106,0.0340843443096476,71714,,209800,0.2807133421400264,1992,4590,0.0,4.59,28
120050013021,505,0.8138613861386138,0.9558746620959063,0.49504950495049505,0.26732673267326734,0.16633663366336635,0.07128712871287128,31802,,188900,0.5337781484570475,2001,2999,0.0,2.999,19
120050013022,470,0.9893617021276596,0.9630118980578248,0.3574468085106383,0.40638297872340423,0.125531914893617,0.11063829787234042,39639,,117900,0.5532503457814661,1985,1902,0.0,1.902,35
120050013023,592,0.7043918918918919,0.9061442655103139,0.535472972972973,0.2905405405405405,0.10810810810810811,0.06587837837837837,38382,,68900,0.4466666666666666,1995,1387,0.0,1.387,25
120050013024,515,0.3262135922330097,0.5904494701985034,0.7300970873786408,0.22135922330097088,0.040776699029126215,0.007766990291262136,37287,,112600,0.3743842364532019,1977,926,0.0,0.926,43
120050014021,284,0.3380281690140845,0.6553646404289377,0.7394366197183099,0.20774647887323944,0.028169014084507043,0.02464788732394366,120685,,304800,0.1546391752577319,1994,1294,0.0,1.294,26
120050014022,809,0.37330037082818296,0.6422262563681693,0.7008652657601978,0.23980222496909764,0.04449938195302843,0.014833127317676144,93214,,258500,0.1144578313253012,1998,3502,0.0,3.502,22
120050014023,419,0.1718377088305489,0.4578598147492332,0.8591885441527446,0.11217183770883055,0.026252983293556086,0.002386634844868735,78333,,162500,0.1542056074766355,1965,1318,0.0,1.318,55
120050014024,485,0.3237113402061856,0.62021277272039,0.7402061855670103,0.21443298969072164,0.026804123711340205,0.018556701030927835,63466,,140300,0.1122625215889464,1985,1743,0.0,1.743,35
120050014031,278,0.25539568345323743,0.6605623533420447,0.8381294964028777,0.09712230215827339,0.03597122302158273,0.02877697841726619,80547,,170100,0.2,1974,1361,0.0,1.361,46
120050014032,279,0.2616487455197133,0.5994591134468337,0.8136200716845878,0.11827956989247312,0.06093189964157706,0.007168458781362007,37813,,166500,0.5649122807017544,1981,695,0.0,0.695,39
120050014041,297,0.4781144781144781,0.7971819964720327,0.6734006734006734,0.21548821548821548,0.0707070707070707,0.04040404040404041,107622,,210300,0.0606717226435536,1981,2571,0.0,2.571,39
120050014042,938,0.3358208955223881,0.6034553810483144,0.7292110874200426,0.21108742004264391,0.054371002132196165,0.005330490405117271,46722,,204300,0.1496598639455782,1979,749,0.0,0.749,41
120050014043,375,0.384,0.604581439160631,0.68,0.256,0.064,0.0,45875,,118900,0.1362007168458781,1979,949,0.0,0.949,41
120050014044,387,0.26098191214470284,0.5206632549552381,0.772609819121447,0.19896640826873385,0.023255813953488372,0.00516795865633075,54333,,178400,0.6426630434782609,1991,3108,0.0,3.108,29
120050015011,1156,0.4100346020761246,0.694844090778623,0.6911764705882353,0.22664359861591696,0.06314878892733564,0.01903114186851211,62123,,193100,0.4116047144152311,1991,2808,0.0,2.808,29
120050015012,707,0.27864214992927866,0.565920114263444,0.7708628005657708,0.18953323903818953,0.0297029702970297,0.009900990099009901,69321,,192000,0.3542688910696761,1988,2910,0.0,2.91,32
120050015021,528,0.5814393939393939,0.7449999122048343,0.5606060606060606,0.3106060606060606,0.11553030303030302,0.013257575757575758,46339,,269000,0.5660130718954248,1997,1505,0.0,1.505,23
120050015022,762,0.5761154855643045,0.8203115508890737,0.610236220472441,0.23097112860892388,0.13123359580052493,0.027559055118110236,41685,,153500,0.3711538461538461,1973,1148,0.0,1.148,47
120050015023,396,0.702020202020202,0.8371718270135914,0.5075757575757576,0.3181818181818182,0.1388888888888889,0.03535353535353535,33417,,104300,0.7165217391304348,1979,1339,0.0,1.339,41
120050015024,684,0.5190058479532164,0.7717115316660156,0.631578947368421,0.23976608187134502,0.1067251461988304,0.021929824561403508,81791,,207100,0.0960629921259842,1979,2033,0.0,2.033,41
120050016001,373,0.8981233243967829,0.9701577944028134,0.4477211796246649,0.28418230563002683,0.1903485254691689,0.0777479892761394,28000,,96100,0.9020618556701032,1985,1033,0.0,1.033,35
120050016002,530,0.8283018867924529,0.9298408015641825,0.44528301886792454,0.36792452830188677,0.1,0.08679245283018867,32955,,91500,0.711340206185567,1954,1014,0.0,1.014,66
120050016003,249,0.9317269076305221,0.9110419359122837,0.3895582329317269,0.3493975903614458,0.20080321285140562,0.060240963855421686,21094,,212300,0.6463878326996197,1968,740,0.0,0.74,52
120050016004,362,0.7430939226519337,0.882435145587453,0.4972375690607735,0.3149171270718232,0.13535911602209943,0.052486187845303865,38864,,120200,0.0873015873015873,1977,864,0.0,0.864,43
120050017001,717,0.7824267782426778,0.8587851766403055,0.4602510460251046,0.33751743375174337,0.16178521617852162,0.040446304044630406,40116,,89300,0.6545454545454545,1969,1590,0.0,1.59,51
120050017002,651,0.880184331797235,0.8214943025039414,0.3563748079877112,0.45468509984639016,0.141321044546851,0.047619047619047616,35542,,63300,0.5009174311926605,1960,1381,0.0,1.381,60
120050018001,924,0.8203463203463204,0.9984698418635582,0.5043290043290043,0.27056277056277056,0.12554112554112554,0.09956709956709957,28021,,80800,0.4566929133858268,1953,1839,0.0,1.839,67
120050019001,186,0.3602150537634409,0.6011951672939201,0.6989247311827957,0.24731182795698925,0.04838709677419355,0.005376344086021506,44792,,221400,0.7454545454545455,1978,537,0.0,0.537,42
120050019002,484,0.6033057851239669,0.7249397929506394,0.512396694214876,0.3987603305785124,0.06198347107438017,0.026859504132231406,63636,,179500,0.1713147410358565,1951,1535,0.0,1.535,69
120050019003,688,0.48546511627906974,0.7648145318102346,0.6395348837209303,0.27761627906976744,0.040697674418604654,0.04215116279069767,77500,,158700,0.2463556851311953,1953,1551,0.0,1.551,67
120050019004,420,0.5357142857142857,0.6985567899726629,0.5642857142857143,0.3547619047619048,0.06190476190476191,0.01904761904761905,59811,,111300,0.2921615201900237,1949,1182,0.0,1.182,71
120050020001,566,0.7296819787985865,0.8841188231079445,0.5159010600706714,0.284452296819788,0.15371024734982333,0.045936395759717315,16121,,77000,0.8118556701030928,1969,512,0.0,0.512,51
120050020002,666,0.6021021021021021,0.8856050623170518,0.6261261261261262,0.1891891891891892,0.14114114114114115,0.04354354354354354,29286,,84400,0.6918604651162791,1972,926,0.0,0.926,48
120050022001,107,0.5981308411214953,0.833947343300728,0.6074766355140186,0.205607476635514,0.16822429906542055,0.018691588785046728,17645,,-666666666,0.8786127167630058,1984,1688,0.0,1.688,36
120050022002,226,0.6415929203539823,0.7999139580081867,0.5353982300884956,0.3141592920353982,0.12389380530973451,0.02654867256637168,40597,,159400,0.7618270799347472,1984,1415,0.0,1.415,36
120050022003,132,0.45454545454545453,0.7450973230517447,0.6742424242424242,0.2196969696969697,0.08333333333333333,0.022727272727272728,34677,,98700,0.284923928077455,1963,1725,0.0,1.725,57
120050023001,609,0.3793103448275862,0.7017123210320618,0.729064039408867,0.18226600985221675,0.06896551724137931,0.019704433497536946,44775,,108800,0.4155844155844156,1974,2140,0.0,2.14,46
120050023002,190,0.5263157894736842,0.7676268006266969,0.631578947368421,0.22105263157894736,0.1368421052631579,0.010526315789473684,37917,,143400,0.4815618221258134,1961,1688,0.0,1.688,59
120050024001,611,0.2176759410801964,0.48594862414196166,0.8134206219312602,0.15711947626841244,0.027823240589198037,0.0016366612111292963,28750,,95200,0.717391304347826,1972,1270,0.0,1.27,48
120050024002,633,0.2890995260663507,0.6007574158292395,0.7819905213270142,0.15323854660347552,0.05845181674565561,0.00631911532385466,31429,,98200,0.5986486486486486,1976,1920,0.0,1.92,44
120050024003,508,0.1673228346456693,0.471636454148627,0.8740157480314961,0.08464566929133858,0.04133858267716536,0.0,43822,,161300,0.5368421052631579,1960,1022,0.0,1.022,60
120050025001,496,0.3790322580645161,0.6677898651580599,0.7016129032258065,0.24193548387096775,0.03225806451612903,0.024193548387096774,92614,,321400,0.1475409836065573,1980,2348,0.0,2.348,40
120050025002,128,0.3671875,0.6505127444629056,0.7109375,0.2265625,0.046875,0.015625,-666666666,,145000,0.4333333333333333,1978,860,0.0,0.86,42
120050026041,173,0.37572254335260113,0.5528890016555161,0.6589595375722543,0.3063583815028902,0.03468208092485549,0.0,34762,,187800,0.681592039800995,1986,1076,0.0,1.076,34
120050026042,1292,0.08978328173374613,0.33581137428712615,0.9249226006191951,0.06114551083591331,0.013157894736842105,0.0007739938080495357,79615,,221600,0.1335820895522388,1988,3697,0.0,3.697,32
120050026043,443,0.04288939051918736,0.2698462004564061,0.9683972911963883,0.024830699774266364,0.002257336343115124,0.004514672686230248,36131,,183800,0.4038668098818475,1988,2580,0.0,2.58,32
120050026044,31,0.1935483870967742,0.4774484152736417,0.8387096774193549,0.12903225806451613,0.03225806451612903,0.0,53806,,201400,0.2879177377892031,2002,793,0.0,0.793,18
120050026051,462,0.021645021645021644,0.14567927348643425,0.9783549783549783,0.021645021645021644,0.0,0.0,49167,,261900,0.3279569892473118,1988,334,0.0,0.334,32
120050026061,51,0.058823529411764705,0.31059714782221376,0.9607843137254902,0.0196078431372549,0.0196078431372549,0.0,69375,,286400,0.4846625766871165,1989,676,0.0,0.676,31
120050026071,32,0.21875,0.6082431071696207,0.875,0.03125,0.09375,0.0,40208,,156700,0.4506517690875233,1991,1115,0.0,1.115,29
120050026081,273,0.3333333333333333,0.5644709478621484,0.7142857142857143,0.23809523809523808,0.047619047619047616,0.0,78098,,285900,0.0891304347826087,1988,1138,0.0,1.138,32
120050026082,280,0.17142857142857143,0.4390092648961051,0.8535714285714285,0.12142857142857143,0.025,0.0,101875,,336900,0.2974588938714499,1997,1619,0.0,1.619,23
290970104001,297,0.47474747474747475,0.9117487764103833,0.734006734006734,0.13804713804713806,0.04713804713804714,0.08080808080808081,36106,,108800,0.6938461538461539,2001,2554,0.0,2.554,19
290970104002,966,1.4182194616977226,1.3245546078964079,0.39751552795031053,0.14389233954451347,0.10144927536231885,0.35714285714285715,43977,,104700,0.2569974554707379,1979,865,0.0,0.865,41
290970104003,605,0.775206611570248,1.1788899953550658,0.6512396694214876,0.1024793388429752,0.06611570247933884,0.18016528925619835,56591,,146700,0.2527472527472527,1998,1627,0.0,1.627,22
290970105001,352,0.008522727272727272,0.09205522649021469,0.9914772727272727,0.008522727272727272,0.0,0.0,54732,,191700,0.5906183368869936,1977,1141,0.0,1.141,43
290970105002,391,0.08695652173913043,0.38244650459119695,0.9360613810741688,0.05115089514066496,0.0025575447570332483,0.010230179028132993,52833,,117900,0.7369565217391304,1966,1027,0.0,1.027,54
290970105003,455,1.9274725274725275,1.2351377185216892,0.22857142857142856,0.11428571428571428,0.15824175824175823,0.4989010989010989,101181,,157100,0.1144278606965174,1959,585,0.0,0.585,61
290970105004,475,1.408421052631579,1.2019378830294587,0.30526315789473685,0.27578947368421053,0.12421052631578948,0.29473684210526313,47386,,87400,0.3223880597014925,1985,696,0.0,0.696,35
290970105005,351,2.0655270655270654,1.1532474365805674,0.1396011396011396,0.21367521367521367,0.08831908831908832,0.5584045584045584,28617,,151100,0.1822429906542056,2014,567,0.0,0.567,6
290970105006,724,0.14226519337016574,0.4374367135935753,0.8839779005524862,0.09806629834254144,0.009668508287292817,0.008287292817679558,43382,,108000,0.4681818181818182,1987,1394,0.0,1.394,33
290970107001,783,1.280970625798212,1.2583157979909692,0.39719029374201786,0.21711366538952745,0.09323116219667944,0.29246487867177523,22688,,94700,0.4205378973105134,1957,763,0.0,0.763,63
290970107002,496,0.7782258064516129,1.0245519727510337,0.5262096774193549,0.3024193548387097,0.038306451612903226,0.13306451612903225,44000,,98500,0.239010989010989,1961,978,0.0,0.978,59
290970107003,613,0.2936378466557912,0.56177994959584,0.7438825448613376,0.23491027732463296,0.004893964110929853,0.01631321370309951,52273,,117600,0.0,1967,961,0.0,0.961,53
290970108001,446,0.0,0.0,1.0,0.0,0.0,0.0,34444,,63200,0.4381188118811881,1949,947,0.0,0.947,71
290970108002,517,0.0019342359767891683,0.04397994971335424,0.9980657640232108,0.0019342359767891683,0.0,0.0,21793,,66700,0.7118155619596542,1939,844,0.0,0.844,81
290970108003,772,1.3380829015544042,1.2469211695114277,0.37176165803108807,0.211139896373057,0.12435233160621761,0.2927461139896373,33819,,70300,0.511727078891258,1947,1294,0.0,1.294,73
290970108004,529,0.12287334593572778,0.36153406445548153,0.8865784499054821,0.10586011342155009,0.005671077504725898,0.001890359168241966,38889,,68200,0.5721153846153846,1964,478,0.0,0.478,56
290970108005,625,2.0256,1.0798195480774824,0.1216,0.2048,0.2,0.4736,23750,,91800,0.2532894736842105,2011,801,0.0,0.801,9
290970110005,26,0.0,0.0,1.0,0.0,0.0,0.0,30139,,38700,0.6012461059190031,1948,710,0.0,0.71,72
291450205011,23,0.043478260869565216,0.20851441405707477,0.9565217391304348,0.043478260869565216,0.0,0.0,57829,,159300,0.2524822695035461,1980,1757,0.0,1.757,40
291450205012,144,0.006944444444444444,0.08333333333333333,0.9930555555555556,0.006944444444444444,0.0,0.0,50500,,193300,0.4633757961783439,1988,1539,0.0,1.539,32
291450205021,122,0.06557377049180328,0.2485563247617214,0.9344262295081968,0.06557377049180328,0.0,0.0,58636,,136800,0.312007874015748,1977,2329,0.0,2.329,43
291450205023,161,0.012422360248447204,0.11110679770785588,0.9875776397515528,0.012422360248447204,0.0,0.0,37105,,121300,0.3333333333333333,1981,1879,0.0,1.879,39
291450206011,104,0.038461538461538464,0.1932389698720778,0.9615384615384616,0.038461538461538464,0.0,0.0,96042,,331300,0.1096256684491978,1998,1049,0.0,1.049,22
370610906001,65,1.7076923076923076,0.6548634619874236,0.1076923076923077,0.07692307692307693,0.8153846153846154,0.0,31956,,77700,0.0722100656455142,1990,1115,0.0,1.115,30
371419202042,404,2.012376237623762,0.30275049637742496,0.012376237623762377,0.0024752475247524753,0.9455445544554455,0.039603960396039604,35660,,100800,0.2516778523489933,1991,1864,0.0,1.864,29
371419203001,1402,0.1825962910128388,0.5687905883585097,0.9015691868758916,0.017118402282453638,0.07845934379457917,0.0028530670470756064,35363,,105700,0.2622036262203626,1985,1589,0.0,1.589,35
371419203002,881,0.1021566401816118,0.4248073124473014,0.9375709421112373,0.02724177071509648,0.03064699205448354,0.004540295119182747,40962,,103100,0.1869009584664537,1975,1786,0.0,1.786,45
371419204011,239,0.008368200836820083,0.09128548805315306,0.9916317991631799,0.008368200836820083,0.0,0.0,31029,,142700,0.4024390243902439,1988,2415,0.0,2.415,32
371419204021,235,0.0,0.0,1.0,0.0,0.0,0.0,38214,,107700,0.224907063197026,1982,1254,0.0,1.254,38
371419204022,664,0.01957831325301205,0.2082226804581596,0.9894578313253012,0.004518072289156626,0.0030120481927710845,0.0030120481927710845,42500,,114000,0.3768115942028985,1970,2126,0.0,2.126,50
371419204031,778,0.9151670951156813,1.0009011565566508,0.5295629820051414,0.042416452442159386,0.41131105398457585,0.016709511568123392,31850,,119300,0.3199195171026157,1993,1292,0.0,1.292,27
371419204032,358,0.0223463687150838,0.1967610919661375,0.9832402234636871,0.013966480446927373,0.0,0.002793296089385475,54464,,165100,0.2758620689655172,1982,2639,0.0,2.639,38
400272016021,435,0.0,0.0,1.0,0.0,0.0,0.0,61154,,94500,0.3125,1971,1694,0.0,1.694,49
400272016022,410,0.0,0.0,1.0,0.0,0.0,0.0,71591,,101600,0.1666666666666666,1976,880,0.0,0.88,44
400272016023,356,0.0,0.0,1.0,0.0,0.0,0.0,58750,,102600,0.1634615384615384,1970,574,0.0,0.574,50
400272016031,75,0.0,0.0,1.0,0.0,0.0,0.0,51528,,82100,0.681265206812652,1971,1091,0.0,1.091,49
400272016032,250,0.008,0.08926293455821276,0.992,0.008,0.0,0.0,41165,,87800,0.7373029772329247,1968,1266,0.0,1.266,52
400272016033,585,0.008547008547008548,0.09213287899863418,0.9914529914529915,0.008547008547008548,0.0,0.0,56528,,92500,0.1576923076923077,1962,656,0.0,0.656,58
400272016034,622,0.001607717041800643,0.040096346988231286,0.9983922829581994,0.001607717041800643,0.0,0.0,49138,,74600,0.2535714285714285,1967,797,0.0,0.797,53
400272016041,486,1.199588477366255,1.2888418182080386,0.46502057613168724,0.15432098765432098,0.09670781893004116,0.2839506172839506,55111,,117000,0.4175126903553299,2004,2258,0.0,2.258,16
400272016042,948,1.5506329113924051,1.375824460610093,0.3924050632911392,0.0938818565400844,0.08438818565400844,0.4293248945147679,56727,,104700,0.4466666666666666,1973,880,0.0,0.88,47
400272016071,395,0.0,0.0,1.0,0.0,0.0,0.0,87056,,243800,0.2806201550387597,2005,2031,0.0,2.031,15
400272016072,123,0.0,0.0,1.0,0.0,0.0,0.0,88272,,173000,0.2820685023505708,1998,3869,0.0,3.869,22
400272016111,1263,1.283452098178939,1.3413230420194286,0.46080760095011875,0.13143309580364212,0.07125890736342043,0.33650039588281866,80529,,154200,0.0832137733142037,1996,1944,0.0,1.944,24
400272016121,37,0.0,0.0,1.0,0.0,0.0,0.0,66170,,117600,0.3696498054474708,1981,1471,0.0,1.471,39
400272016122,102,0.0,0.0,1.0,0.0,0.0,0.0,66813,,149300,0.4293286219081272,2004,1053,0.0,1.053,16
400272016123,665,0.0,0.0,1.0,0.0,0.0,0.0,72132,,134900,0.1410867492850333,1987,2953,0.0,2.953,33
400272020073,96,0.0,0.0,1.0,0.0,0.0,0.0,55655,,162500,0.039647577092511,1993,679,0.0,0.679,27
400272021021,764,0.002617801047120419,0.05113091154292764,0.9973821989528796,0.002617801047120419,0.0,0.0,62019,,94400,0.3995680345572354,1965,1162,0.0,1.162,55
400272021022,738,0.0013550135501355014,0.03681050869161552,0.9986449864498645,0.0013550135501355014,0.0,0.0,31140,,89800,0.6343792633015006,1975,1391,0.0,1.391,45
400272021041,426,0.6408450704225352,1.1272551731316707,0.715962441314554,0.0892018779342723,0.03286384976525822,0.1619718309859155,67669,,113900,0.189127972819932,1978,2539,0.0,2.539,42
400272021051,1072,0.0,0.0,1.0,0.0,0.0,0.0,54063,,145300,0.4233918128654971,1989,2337,0.0,2.337,31
400272021052,1208,0.6937086092715232,1.1458191663957793,0.6879139072847682,0.09850993377483444,0.04552980132450331,0.16804635761589404,37404,,114900,0.4786324786324786,1985,330,0.0,0.33,35
400272021061,668,0.1062874251497006,0.5099513349718159,0.9520958083832335,0.01347305389221557,0.010479041916167664,0.023952095808383235,82045,,152600,0.1285714285714285,2000,1420,0.0,1.42,20
400272021062,742,0.0,0.0,1.0,0.0,0.0,0.0,72841,,140200,0.1898110106820049,1989,3426,0.0,3.426,31
400272021063,598,0.006688963210702341,0.08158033053528618,0.9933110367892977,0.006688963210702341,0.0,0.0,68063,,124200,0.2529182879377432,1979,2040,0.0,2.04,41
400272021071,1459,0.1864290610006854,0.6421902334122911,0.9054146675805346,0.0411240575736806,0.015078821110349555,0.03838245373543523,103846,,220100,0.116412213740458,2006,3119,0.0,3.119,14
400272022011,351,0.002849002849002849,0.053376051268362375,0.9971509971509972,0.002849002849002849,0.0,0.0,82222,,191200,0.1383363471971067,2001,3223,0.0,3.223,19
400272022051,731,0.3488372093023256,0.7657447906592575,0.7879616963064295,0.11764705882352941,0.05198358413132695,0.04240766073871409,95453,,183300,0.193935119887165,2003,4288,0.0,4.288,17
400272022052,309,0.0,0.0,1.0,0.0,0.0,0.0,64407,,135600,0.2181987000928505,1999,2902,0.0,2.902,21
400370207061,744,0.028225806451612902,0.18852426137201256,0.9758064516129032,0.020161290322580645,0.004032258064516129,0.0,42260,,101400,0.2522639068564036,1985,1974,0.0,1.974,35
400370207062,864,0.1412037037037037,0.5683555063793169,0.9340277777777778,0.016203703703703703,0.024305555555555556,0.02546296296296296,54091,,121800,0.2001763668430335,1984,3051,0.0,3.051,36
401139400011,362,0.23204419889502761,0.6584382750341642,0.861878453038674,0.07734806629834254,0.027624309392265192,0.03314917127071823,41000,,74700,0.1179245283018868,1977,1100,0.0,1.1,43
401139400072,169,0.011834319526627219,0.10846140856771377,0.9881656804733728,0.011834319526627219,0.0,0.0,58393,,144200,0.1557971014492753,1979,1285,0.0,1.285,41
401139400091,111,0.018018018018018018,0.13361967614920287,0.9819819819819819,0.018018018018018018,0.0,0.0,72292,,164600,0.0705363703159441,1995,3735,0.0,3.735,25
401179572001,732,0.1598360655737705,0.5464713072444036,0.907103825136612,0.040983606557377046,0.036885245901639344,0.015027322404371584,45057,,99200,0.2401263823064771,1980,1529,0.0,1.529,40
401179572002,243,0.32510288065843623,0.7907441636503166,0.823045267489712,0.0823045267489712,0.0411522633744856,0.053497942386831275,60000,,109800,0.1132530120481927,1978,2178,0.0,2.178,42
401179572003,404,0.32425742574257427,0.8749651212158263,0.8663366336633663,0.024752475247524754,0.027227722772277228,0.08168316831683169,46875,,98300,0.1008403361344537,1986,635,0.0,0.635,34
401430095001,223,0.17488789237668162,0.5119269910172978,0.8834080717488789,0.05829596412556054,0.05829596412556054,0.0,72333,,131800,0.1108870967741935,1985,1322,0.0,1.322,35
401430095002,89,1.0337078651685394,1.1525607674992002,0.4943820224719101,0.12359550561797752,0.23595505617977527,0.14606741573033707,67200,,165400,0.1306306306306306,1988,2636,0.0,2.636,32
481576710012,66,0.42424242424242425,0.49801470662887853,0.5757575757575758,0.42424242424242425,0.0,0.0,88774,,192500,0.1709770114942528,1977,1475,0.0,1.475,43
481576715014,41,0.0,0.0,1.0,0.0,0.0,0.0,110865,,247100,0.2503242542153048,1993,2359,0.0,2.359,27
482012114003,41,0.0,0.0,1.0,0.0,0.0,0.0,49402,,203200,0.3572679509632224,2003,1116,0.0,1.116,17
482012408021,144,0.6597222222222222,0.9173021742824328,0.6458333333333334,0.04861111111111111,0.3055555555555556,0.0,42414,,144400,0.5077821011673151,2003,2921,0.0,2.921,17
482014111001,96,0.0,0.0,1.0,0.0,0.0,0.0,245833,,2000001,0.0333333333333333,1939,1603,0.0,1.603,81
482014112001,141,0.475177304964539,0.8244613850758907,0.7375886524822695,0.04964539007092199,0.2127659574468085,0.0,178333,,2000001,0.1722488038277512,1965,1059,0.0,1.059,55
482014112002,44,0.0,0.0,1.0,0.0,0.0,0.0,250001,,2000001,0.0583090379008746,1951,985,0.0,0.985,69
482014302001,169,0.5266272189349113,0.8664726574794391,0.7218934911242604,0.029585798816568046,0.2485207100591716,0.0,76518,,757100,0.6471408647140865,1966,1571,0.0,1.571,54
482014303001,25,1.8,0.40824829046386313,0.0,0.2,0.8,0.0,250001,,1326900,0.0,1973,1142,0.0,1.142,47
482014303003,24,0.25,0.4423258684646914,0.75,0.25,0.0,0.0,250001,,1316700,0.009090909090909,1968,1785,0.0,1.785,52
482014304002,142,1.2183098591549295,0.9079334901055798,0.2746478873239437,0.28169014084507044,0.39436619718309857,0.04929577464788732,250001,,1679300,0.0,1979,1972,0.0,1.972,41
482014306002,81,1.0493827160493827,0.49752473727195806,0.09876543209876543,0.7530864197530864,0.14814814814814814,0.0,250001,,1314200,0.0116959064327485,1973,2903,0.0,2.903,47
482014307001,25,0.0,0.0,1.0,0.0,0.0,0.0,122872,,-666666666,0.4762979683972912,1976,1144,0.0,1.144,44
482014308001,297,1.3131313131313131,0.8657889463318983,0.25252525252525254,0.19528619528619529,0.5387205387205387,0.013468013468013467,118811,,744900,0.5110316040548599,2002,3821,0.0,3.821,18
482014308002,41,0.0,0.0,1.0,0.0,0.0,0.0,152188,,613900,0.2176165803108808,1967,1740,0.0,1.74,53
482014309001,211,1.7156398104265402,0.538686182279638,0.0,0.32701421800947866,0.6303317535545023,0.04265402843601896,83229,,554400,0.1124763705103969,1980,2039,0.0,2.039,40
482014309002,185,1.4216216216216215,0.7189723701889954,0.10810810810810811,0.3891891891891892,0.4756756756756757,0.02702702702702703,250001,,481600,0.0561056105610561,1983,753,0.0,0.753,37
482014309003,305,1.7442622950819673,0.6490186392800079,0.09836065573770492,0.07540983606557378,0.8098360655737705,0.01639344262295082,101369,,589700,0.052930056710775,1973,1445,0.0,1.445,47
482014309004,372,2.067204301075269,0.25071269019990405,0.0,0.0,0.9327956989247311,0.06720430107526881,89239,,434400,0.2374213836477987,1976,1881,0.0,1.881,44
482014311011,396,1.595959595959596,0.8409661944070842,0.21212121212121213,0.0,0.7676767676767676,0.020202020202020204,98269,,314300,0.0,1978,555,0.0,0.555,42
482014311012,85,0.4,0.7432233529572064,0.7529411764705882,0.09411764705882353,0.15294117647058825,0.0,42625,,-666666666,0.9886831275720164,1989,1625,0.0,1.625,31
482014311021,38,0.5789473684210527,0.91921173478762,0.7105263157894737,0.0,0.2894736842105263,0.0,40276,,666700,0.917753259779338,1977,2417,0.0,2.417,43
482014311022,46,2.0,0.0,0.0,0.0,1.0,0.0,44186,,181300,0.687624750499002,1989,1434,0.0,1.434,31
482014316001,97,0.6907216494845361,0.4645971539558949,0.30927835051546393,0.6907216494845361,0.0,0.0,250001,,1337100,0.0,1975,907,0.0,0.907,45
482014316003,88,1.2840909090909092,0.6242027307788773,0.09090909090909091,0.5340909090909091,0.375,0.0,98452,,273600,0.1479885057471264,1969,1241,0.0,1.241,51
482014501001,59,0.0,0.0,1.0,0.0,0.0,0.0,101250,,437700,0.2670089858793324,1966,2012,0.0,2.012,54
482014502001,47,0.1276595744680851,0.49418449629033084,0.9361702127659575,0.0,0.06382978723404255,0.0,170139,,627000,0.0671031096563011,1967,1868,0.0,1.868,53
482014502002,292,0.4143835616438356,0.6602602554691744,0.6815068493150684,0.2226027397260274,0.0958904109589041,0.0,108750,,666900,0.3216019417475728,1965,2196,0.0,2.196,55
482014502003,183,0.0,0.0,1.0,0.0,0.0,0.0,92625,,474400,0.0358126721763085,1967,1047,0.0,1.047,53
482014505001,496,0.7076612903225806,0.9305270442031673,0.6209677419354839,0.05040322580645161,0.3286290322580645,0.0,150662,,384000,0.0809248554913294,1982,1166,0.0,1.166,38
482014505002,637,1.9513343799058085,0.35353419096008093,0.02040816326530612,0.026687598116169546,0.9340659340659341,0.018838304552590265,161548,,426700,0.0421875,1979,1626,0.0,1.626,41
482014506001,371,1.7466307277628033,0.6620673771740435,0.0646900269541779,0.18328840970350405,0.692722371967655,0.05929919137466307,140278,,458100,0.1630434782608695,1966,1209,0.0,1.209,54
482014506002,218,1.1697247706422018,0.9075215234939527,0.3211009174311927,0.20642201834862386,0.4541284403669725,0.01834862385321101,104537,,481000,0.3879310344827586,1967,1584,0.0,1.584,53
482014506003,239,1.209205020920502,0.9734711110291342,0.38493723849372385,0.02510460251046025,0.5857740585774058,0.0041841004184100415,98224,,355700,0.6973262032085561,1990,1968,0.0,1.968,30
482014507001,323,1.0061919504643964,0.9684264243803496,0.4148606811145511,0.21362229102167182,0.3219814241486068,0.04953560371517028,147125,,520500,0.1354838709677419,1966,1499,0.0,1.499,54
482014507002,588,1.717687074829932,0.803671361064868,0.11224489795918367,0.16666666666666666,0.6122448979591837,0.10884353741496598,217593,,739000,0.0634095634095634,1967,2974,0.0,2.974,53
482014507003,991,2.012108980827447,0.522092422088361,0.015136226034308779,0.08476286579212916,0.7729566094853683,0.12714429868819374,190078,,602100,0.0145808019441069,1967,2210,0.0,2.21,53
482014508011,239,2.192468619246862,0.40556239360121604,0.0,0.0041841004184100415,0.799163179916318,0.19665271966527198,91150,,650000,0.6519916142557652,1994,681,0.0,0.681,26
482014508012,139,2.0071942446043165,0.08481889296799706,0.0,0.0,0.9928057553956835,0.007194244604316547,37344,,385700,0.956989247311828,1976,986,0.0,0.986,44
482014509002,259,0.19305019305019305,0.3954562194502705,0.806949806949807,0.19305019305019305,0.0,0.0,78650,,311300,0.491103202846975,1977,1984,0.0,1.984,43
482014511001,312,1.8076923076923077,0.5795594802905547,0.05448717948717949,0.11858974358974358,0.7916666666666666,0.035256410256410256,83966,,154900,0.2364672364672364,-666666666,719,0.0,0.719,666668686
482014511002,332,1.4337349397590362,0.5908214586455619,0.05120481927710843,0.463855421686747,0.48493975903614456,0.0,67813,,168300,0.3723404255319149,1976,1191,0.0,1.191,44
482014511003,177,1.0056497175141244,0.6867013968408795,0.23163841807909605,0.5310734463276836,0.23728813559322035,0.0,135688,,350300,0.0601719197707736,-666666666,759,0.0,0.759,666668686
482014512001,491,1.9164969450101832,0.40298978248408013,0.004073319755600814,0.11405295315682282,0.8431771894093686,0.038696537678207736,137784,,323400,0.1715265866209262,1970,1641,0.0,1.641,50
482014512002,445,1.7685393258426967,0.4379506702285074,0.006741573033707865,0.21797752808988763,0.7752808988764045,0.0,136034,,331000,0.0779467680608365,1976,1295,0.0,1.295,44
482014514011,36,0.0,0.0,1.0,0.0,0.0,0.0,51250,,191300,0.6501272264631043,1986,1389,0.0,1.389,34
482014543022,107,0.0,0.0,1.0,0.0,0.0,0.0,55734,,119400,0.296127562642369,1987,4647,0.0,4.647,33
482014544001,90,0.8111111111111111,1.0588784022075777,0.6,0.05555555555555555,0.2777777777777778,0.06666666666666667,81500,,-666666666,1.0,2008,496,0.0,0.496,12
482015224013,64,0.0,0.0,1.0,0.0,0.0,0.0,50721,,178700,0.538562091503268,1970,1953,0.0,1.953,50
482015224014,106,0.0,0.0,1.0,0.0,0.0,0.0,47227,,338900,0.8805620608899297,1975,1600,0.0,1.6,45
482015224021,73,0.0273972602739726,0.16436770598316272,0.9726027397260274,0.0273972602739726,0.0,0.0,53047,,202100,0.4542682926829268,1966,3161,0.0,3.161,54
482015405021,558,1.5573476702508962,0.7900467846883235,0.1827956989247312,0.08243727598566308,0.7293906810035843,0.005376344086021506,95323,,122300,0.1909385113268608,1978,1822,0.0,1.822,42
482015405022,860,2.031395348837209,0.27328111463313415,0.0,0.022093023255813953,0.9244186046511628,0.053488372093023255,74731,,143500,0.1488833746898263,1977,2099,0.0,2.099,43
482015405023,631,0.9144215530903328,0.8831570029457886,0.4358161648177496,0.21394611727416799,0.3502377179080824,0.0,70375,,141200,0.231578947368421,1977,1323,0.0,1.323,43
482015406011,1427,1.1878065872459707,0.8805470673852943,0.2985283812193413,0.22775052557813594,0.4611072179397337,0.012613875262789068,73929,,156000,0.1422319474835886,1991,2734,0.0,2.734,29
482015407001,490,1.9244897959183673,0.3139761575391127,0.00816326530612245,0.0653061224489796,0.9204081632653062,0.006122448979591836,149600,,408700,0.0461309523809523,-666666666,1863,0.0,1.863,666668686
482015407002,433,2.0115473441108547,0.15915185561866724,0.0,0.006928406466512702,0.9745958429561201,0.018475750577367205,66773,,131100,0.3151969981238274,1994,3473,0.0,3.473,26
482015407003,168,1.8452380952380953,0.3627588109849965,0.0,0.15476190476190477,0.8452380952380952,0.0,70636,,125200,0.0670194003527336,1985,1810,0.0,1.81,35
482015409011,107,0.0,0.0,1.0,0.0,0.0,0.0,109028,,229400,0.1825922421948912,1993,2600,0.0,2.6,27
482015412031,403,0.0,0.0,1.0,0.0,0.0,0.0,143293,,223400,0.0612244897959183,1986,1611,0.0,1.611,34
482015412032,59,0.0,0.0,1.0,0.0,0.0,0.0,104545,,193300,0.0829383886255924,1985,1075,0.0,1.075,35
482015514003,35,0.0,0.0,1.0,0.0,0.0,0.0,64583,,165900,0.4890829694323144,1999,3008,0.0,3.008,21
482015522002,82,0.7195121951219512,1.0573013661495896,0.6463414634146342,0.07317073170731707,0.1951219512195122,0.08536585365853659,48409,,204400,0.5613107822410148,1999,2423,0.0,2.423,21
482015523011,38,0.7894736842105263,0.9345585671882628,0.5526315789473685,0.10526315789473684,0.34210526315789475,0.0,79309,,156500,0.2292358803986711,1982,2536,0.0,2.536,38
482015530022,21,1.5714285714285714,0.5070925528371099,0.0,0.42857142857142855,0.5714285714285714,0.0,100179,,281000,0.1433408577878104,1991,2531,0.0,2.531,29
482015534012,46,0.2608695652173913,0.44396108982135185,0.7391304347826086,0.2608695652173913,0.0,0.0,115893,,202100,0.0631741140215716,1989,1880,0.0,1.88,31
482015535002,48,0.0,0.0,1.0,0.0,0.0,0.0,71202,,156000,0.1750524109014675,1979,2530,0.0,2.53,41
482015543021,44,0.25,0.4380187953915665,0.75,0.25,0.0,0.0,57372,,202200,0.6732283464566929,1982,2424,0.0,2.424,38
482015545011,80,0.0,0.0,1.0,0.0,0.0,0.0,101583,,251000,0.0160295930949445,2005,2739,0.0,2.739,15
