GEOID,building_count,damage_score_mean,damage_score_std,share_no-damage,share_minor-damage,share_major-damage,share_destroyed,income_2017,pov_rate_2017,median_home_value_2017,renter_pct_2017,median_year_built_2017,pop_density_2017,exposure_proxy,building_density,median_building_age,building_age,income_q
11250105001,648,0.1157407407407407,0.4312367542834108,0.9151234567901234,0.0648148148148148,0.0092592592592592,0.0108024691358024,28750,,69700,0.2742268041237113,1961,1331,0.0,1.331,59,56,Q1 lowest
11250105002,253,0.1027667984189723,0.4933207175072339,0.9486166007905138,0.0237154150197628,0.0039525691699604,0.0237154150197628,35347,,56900,0.2516778523489933,1964,883,0.0,0.883,56,53,Q1 lowest
11250106012,260,0.0384615384615384,0.2455423798269054,0.9692307692307692,0.0269230769230769,0.0,0.0038461538461538,46853,,123400,0.1867124856815578,1995,2535,0.0,2.535,25,22,Q2
11250106013,904,0.6858407079646017,1.1318302003856078,0.6847345132743363,0.1061946902654867,0.0475663716814159,0.161504424778761,39375,,67700,0.1002949852507374,1993,1136,0.0,1.136,27,24,Q1 lowest
11250108031,765,1.2183006535947711,1.2885641745765672,0.4405228758169934,0.2039215686274509,0.0522875816993464,0.3032679738562091,18026,,84200,0.5883534136546185,1983,1496,0.0,1.496,37,34,Q1 lowest
11250108032,270,0.0259259259259259,0.1592094610417325,0.974074074074074,0.0259259259259259,0.0,0.0,50288,,208000,0.7308347529812607,1992,1539,0.0,1.539,28,25,Q2
11250108041,41,0.0,0.0,1.0,0.0,0.0,0.0,47829,,123500,0.1924603174603174,1973,1315,0.0,1.315,47,44,Q2
11250112001,36,0.0,0.0,1.0,0.0,0.0,0.0,25833,,292900,0.8580246913580247,1991,7307,0.0,7.307,29,26,Q1 lowest
11250114011,75,0.0,0.0,1.0,0.0,0.0,0.0,29597,,343200,0.4831932773109244,1964,438,0.0,0.438,56,53,Q1 lowest
11250114013,149,0.0,0.0,1.0,0.0,0.0,0.0,5379,,178800,0.8697916666666666,1993,1399,0.0,1.399,27,24,Q1 lowest
11250119011,367,0.4604904632152589,0.7843710921207537,0.6811989100817438,0.217983651226158,0.0599455040871934,0.0408719346049046,24135,,227100,0.7934386391251519,1986,1614,0.0,1.614,34,31,Q1 lowest
11250119012,130,1.0692307692307692,1.3129554892970945,0.5307692307692308,0.1615384615384615,0.0153846153846153,0.2923076923076923,65694,,156500,0.5615763546798029,1956,492,0.0,0.492,64,61,Q3
11250119013,221,0.1221719457013574,0.3674318580366812,0.8868778280542986,0.1085972850678733,0.0,0.004524886877828,33217,,97400,0.8540925266903915,1961,781,0.0,0.781,59,56,Q1 lowest
11250119021,45,0.0,0.0,1.0,0.0,0.0,0.0,14138,,136100,0.85,2003,899,0.0,0.899,17,14,Q1 lowest
11250119022,359,0.5097493036211699,0.939088880672424,0.713091922005571,0.1559888579387186,0.0389972144846796,0.0919220055710306,19737,,90800,0.8430493273542601,1960,945,0.0,0.945,60,57,Q1 lowest
11250124031,30,0.0,0.0,1.0,0.0,0.0,0.0,51563,,158700,0.6713147410358565,1984,1090,0.0,1.09,36,33,Q2
11250126001,80,0.0,0.0,1.0,0.0,0.0,0.0,23120,,416100,0.8006088280060882,1997,1702,0.0,1.702,23,20,Q1 lowest
11250127001,233,0.3776824034334764,0.5201290808699437,0.6351931330472103,0.3562231759656652,0.0042918454935622,0.0042918454935622,38539,,110300,0.3513257575757575,1998,3559,0.0,3.559,22,19,Q1 lowest
11250127002,661,0.2072617246596066,0.4615605015032484,0.8093797276853253,0.1815431164901664,0.0015128593040847,0.0075642965204236,66862,,192500,0.323671497584541,1961,1532,0.0,1.532,59,56,Q3
11250128001,438,0.1278538812785388,0.4301034483843768,0.8972602739726028,0.0890410958904109,0.002283105022831,0.0114155251141552,25865,,90300,0.5251509054325956,1971,1361,0.0,1.361,49,46,Q1 lowest
11250128002,690,1.5043478260869565,1.1317344514866414,0.2217391304347826,0.344927536231884,0.1405797101449275,0.2927536231884058,39708,,99500,0.4132492113564668,1966,1105,0.0,1.105,54,51,Q2
60378003241,125,0.0,0.0,1.0,0.0,0.0,0.0,179306,,615700,0.0485074626865671,1974,755,0.0,0.755,46,43,Q5 highest
60378003244,111,0.0,0.0,1.0,0.0,0.0,0.0,124026,,683600,0.053030303030303,1983,2175,0.0,2.175,37,34,Q5 highest
60378003251,100,0.0,0.0,1.0,0.0,0.0,0.0,118309,,765700,0.135251798561151,1966,1676,0.0,1.676,54,51,Q5 highest
60378003252,160,0.0,0.0,1.0,0.0,0.0,0.0,116125,,888700,0.1378881987577639,1969,1713,0.0,1.713,51,48,Q5 highest
60378003281,308,0.0,0.0,1.0,0.0,0.0,0.0,121923,,608200,0.1918367346938775,1975,1604,0.0,1.604,45,42,Q5 highest
60378004061,3850,1.305974025974026,1.451167777434836,0.5384415584415584,0.0251948051948051,0.0283116883116883,0.408051948051948,140179,,1615600,0.1357758620689655,1982,1671,0.0,1.671,38,35,Q5 highest
60378004062,2310,0.3584415584415584,0.9534897244649224,0.8705627705627705,0.0108225108225108,0.0082251082251082,0.1103896103896103,138438,,2000001,0.2727272727272727,1975,544,0.0,0.544,45,42,Q5 highest
60378004101,993,0.6072507552870091,1.1798150289696243,0.7804632426988922,0.0201409869083585,0.0110775427995971,0.188318227593152,113500,,1568200,0.2204472843450479,1977,4052,0.0,4.052,43,40,Q5 highest
60971515031,57,0.0,0.0,1.0,0.0,0.0,0.0,128065,,819400,0.0582706766917293,1980,1215,0.0,1.215,40,37,Q5 highest
60971515032,349,0.0,0.0,1.0,0.0,0.0,0.0,146000,,716700,0.0714285714285714,1985,854,0.0,0.854,35,32,Q5 highest
60971515033,340,0.0,0.0,1.0,0.0,0.0,0.0,134464,,661700,0.0452586206896551,1982,1306,0.0,1.306,38,35,Q5 highest
60971515041,23,0.0,0.0,1.0,0.0,0.0,0.0,87697,,516000,0.1806615776081425,1972,1040,0.0,1.04,48,45,Q4
60971515042,90,0.0,0.0,1.0,0.0,0.0,0.0,113000,,472800,0.2209302325581395,1963,1158,0.0,1.158,57,54,Q5 highest
60971515043,173,0.0,0.0,1.0,0.0,0.0,0.0,89318,,540900,0.2410358565737052,1976,1316,0.0,1.316,44,41,Q4
60971518001,419,0.0,0.0,1.0,0.0,0.0,0.0,79928,,445100,0.3529411764705882,1954,1064,0.0,1.064,66,63,Q4
60971518002,73,0.0,0.0,1.0,0.0,0.0,0.0,62273,,448100,0.3170731707317073,1955,461,0.0,0.461,65,62,Q3
60971518003,70,0.0,0.0,1.0,0.0,0.0,0.0,87472,,473300,0.3927765237020316,1948,1065,0.0,1.065,72,69,Q4
60971518004,23,0.0,0.0,1.0,0.0,0.0,0.0,52417,,448400,0.4633471645919779,1956,2009,0.0,2.009,64,61,Q2
60971518005,36,0.0,0.0,1.0,0.0,0.0,0.0,56833,,419400,0.3443396226415094,1956,434,0.0,0.434,64,61,Q3
60971519001,114,0.0,0.0,1.0,0.0,0.0,0.0,53472,,319600,0.755700325732899,1947,784,0.0,0.784,73,70,Q2
60971519002,62,0.0,0.0,1.0,0.0,0.0,0.0,70750,,443100,0.7127272727272728,1941,861,0.0,0.861,79,76,Q3
60971519003,121,0.0,0.0,1.0,0.0,0.0,0.0,60882,,364500,0.4795918367346938,1939,556,0.0,0.556,81,78,Q3
60971519004,61,0.0,0.0,1.0,0.0,0.0,0.0,27852,,364000,0.8197343453510436,1970,1143,0.0,1.143,50,47,Q1 lowest
60971520001,89,0.0,0.0,1.0,0.0,0.0,0.0,43011,,395000,0.8951781970649895,1957,906,0.0,0.906,63,60,Q2
60971521002,38,0.0,0.0,1.0,0.0,0.0,0.0,80833,,372700,0.5625,1953,760,0.0,0.76,67,64,Q4
60971521003,35,0.0,0.0,1.0,0.0,0.0,0.0,70469,,386500,0.4470588235294118,1945,887,0.0,0.887,75,72,Q3
60971522011,49,0.0,0.0,1.0,0.0,0.0,0.0,77102,,458100,0.5346062052505967,1969,823,0.0,0.823,51,48,Q4
60971522012,93,0.0,0.0,1.0,0.0,0.0,0.0,49359,,466300,0.7418604651162791,1955,1079,0.0,1.079,65,62,Q2
60971522031,145,0.0,0.0,1.0,0.0,0.0,0.0,62039,,659400,0.2893772893772894,1946,502,0.0,0.502,74,71,Q3
60971522032,179,0.0,0.0,1.0,0.0,0.0,0.0,77500,,524600,0.4462365591397849,1939,788,0.0,0.788,81,78,Q4
60971522034,184,0.0,0.0,1.0,0.0,0.0,0.0,43194,,678100,0.8285163776493256,1951,936,0.0,0.936,69,66,Q2
60971523001,236,0.0,0.0,1.0,0.0,0.0,0.0,69706,,592600,0.3474025974025974,1964,1451,0.0,1.451,56,53,Q3
60971523002,79,0.0,0.0,1.0,0.0,0.0,0.0,83571,,658100,0.1740331491712707,1962,937,0.0,0.937,58,55,Q4
60971523003,117,0.0,0.0,1.0,0.0,0.0,0.0,104150,,651100,0.1956989247311828,1961,1015,0.0,1.015,59,56,Q5 highest
60971523004,241,0.0,0.0,1.0,0.0,0.0,0.0,131944,,645500,0.2454545454545454,1951,771,0.0,0.771,69,66,Q5 highest
60971525011,31,0.0,0.0,1.0,0.0,0.0,0.0,70962,,548600,0.6172680412371134,1987,1639,0.0,1.639,33,30,Q3
60971525012,99,0.0,0.0,1.0,0.0,0.0,0.0,67287,,462500,0.440766550522648,1972,1879,0.0,1.879,48,45,Q3
60971525013,103,0.0,0.0,1.0,0.0,0.0,0.0,57333,,416700,0.4733727810650887,1967,867,0.0,0.867,53,50,Q3
60971525021,328,0.0,0.0,1.0,0.0,0.0,0.0,73125,,500000,0.3485342019543974,1975,1883,0.0,1.883,45,42,Q4
60971527011,657,2.016742770167428,1.389648045856899,0.3120243531202435,0.0197869101978691,0.0076103500761035,0.6605783866057838,161705,,752400,0.1800433839479392,1984,1248,0.0,1.248,36,33,Q5 highest
60971527012,54,0.0,0.0,1.0,0.0,0.0,0.0,80735,,392800,0.4404761904761904,1984,1020,0.0,1.02,36,33,Q4
60971527013,176,0.7727272727272727,1.2624445468083876,0.7045454545454546,0.0454545454545454,0.0227272727272727,0.2272727272727272,94018,,544800,0.1937984496124031,1984,916,0.0,0.916,36,33,Q4
60971527014,116,0.0,0.0,1.0,0.0,0.0,0.0,73261,,405600,0.562874251497006,1979,1000,0.0,1.0,41,38,Q4
60971527015,456,0.0,0.0,1.0,0.0,0.0,0.0,30135,,105700,0.1463815789473684,1970,1240,0.0,1.24,50,47,Q1 lowest
60971527022,260,1.523076923076923,1.4898129478369488,0.4846153846153846,0.0038461538461538,0.0153846153846153,0.4961538461538461,57063,,506900,0.6652806652806653,1977,1251,0.0,1.251,43,40,Q3
60971527023,43,0.0930232558139534,0.4261652646328928,0.9534883720930232,0.0,0.0465116279069767,0.0,113636,,563700,0.0625,1983,795,0.0,0.795,37,34,Q5 highest
60971528011,693,1.225108225108225,1.4628754233243355,0.5829725829725829,0.0072150072150072,0.0115440115440115,0.3982683982683982,53594,,423000,0.5781544256120528,1977,1337,0.0,1.337,43,40,Q2
60971528012,474,2.9240506329113924,0.4717513203088353,0.0253164556962025,0.0,0.0,0.9746835443037974,114894,,433200,0.1917475728155339,1985,1239,0.0,1.239,35,32,Q5 highest
60971528013,495,1.7575757575757576,1.47647482769603,0.4121212121212121,0.002020202020202,0.002020202020202,0.5838383838383838,84375,,460800,0.3498759305210918,1989,1167,0.0,1.167,31,28,Q4
60971529032,101,0.0,0.0,1.0,0.0,0.0,0.0,57993,,350700,0.6900489396411092,1978,1882,0.0,1.882,42,39,Q3
60971529044,85,0.0,0.0,1.0,0.0,0.0,0.0,87132,,468500,0.3577023498694517,1981,1305,0.0,1.305,39,36,Q4
60971529051,417,0.6498800959232613,1.231480595357596,0.7793764988009593,0.0047961630695443,0.0023980815347721,0.2134292565947242,57586,,220800,0.4439834024896265,1986,1113,0.0,1.113,34,31,Q3
60971529052,189,0.0,0.0,1.0,0.0,0.0,0.0,86019,,453800,0.3178410794602698,1988,1894,0.0,1.894,32,29,Q4
60971529053,163,0.0,0.0,1.0,0.0,0.0,0.0,81023,,453800,0.3114754098360656,1991,1344,0.0,1.344,29,26,Q4
60971529061,110,0.0,0.0,1.0,0.0,0.0,0.0,86939,,543100,0.396681749622926,1993,3808,0.0,3.808,27,24,Q4
60971529062,524,0.0,0.0,1.0,0.0,0.0,0.0,105200,,694500,0.2071240105540897,1973,2040,0.0,2.04,47,44,Q5 highest
60971530012,197,0.0,0.0,1.0,0.0,0.0,0.0,61559,,373800,0.3924050632911392,1974,2175,0.0,2.175,46,43,Q3
60971530013,349,0.0,0.0,1.0,0.0,0.0,0.0,47697,,375200,0.5474452554744526,1994,2982,0.0,2.982,26,23,Q2
60971530022,150,0.0,0.0,1.0,0.0,0.0,0.0,64461,,350000,0.4081632653061224,1968,2256,0.0,2.256,52,49,Q3
60971530024,137,0.0,0.0,1.0,0.0,0.0,0.0,54188,,332900,0.5465393794749404,1968,1012,0.0,1.012,52,49,Q3
60971530031,272,0.0,0.0,1.0,0.0,0.0,0.0,48864,,357300,0.4627659574468085,1970,1189,0.0,1.189,50,47,Q2
60971530033,243,0.0,0.0,1.0,0.0,0.0,0.0,60290,,426900,0.5847589424572317,1976,1944,0.0,1.944,44,41,Q3
60971530034,122,0.0,0.0,1.0,0.0,0.0,0.0,56927,,227500,0.3055555555555556,1983,1986,0.0,1.986,37,34,Q3
60971530056,125,0.0,0.0,1.0,0.0,0.0,0.0,71852,,493500,0.54,1979,1439,0.0,1.439,41,38,Q4
60971530061,163,0.0,0.0,1.0,0.0,0.0,0.0,51848,,332400,0.1655629139072847,1978,569,0.0,0.569,42,39,Q2
60971530062,200,0.0,0.0,1.0,0.0,0.0,0.0,78681,,361700,0.2161172161172161,1979,815,0.0,0.815,41,38,Q4
60971530063,116,0.0,0.0,1.0,0.0,0.0,0.0,74730,,364100,0.3006833712984054,1983,1209,0.0,1.209,37,34,Q4
60971530066,35,0.0,0.0,1.0,0.0,0.0,0.0,51850,,267500,0.2220039292730845,1983,1232,0.0,1.232,37,34,Q2
60971531021,58,0.0,0.0,1.0,0.0,0.0,0.0,54762,,348400,0.467005076142132,1968,1736,0.0,1.736,52,49,Q3
60971531022,107,0.0,0.0,1.0,0.0,0.0,0.0,51125,,333000,0.6099290780141844,1966,1483,0.0,1.483,54,51,Q2
60971531031,119,0.0,0.0,1.0,0.0,0.0,0.0,70682,,394600,0.4886363636363636,1997,2255,0.0,2.255,23,20,Q3
60971531032,175,0.0,0.0,1.0,0.0,0.0,0.0,55263,,336700,0.3362445414847161,1971,1374,0.0,1.374,49,46,Q3
60971538091,318,0.0031446540880503,0.0560772154092044,0.9968553459119496,0.0031446540880503,0.0,0.0,92444,,567700,0.2140221402214022,1986,1387,0.0,1.387,34,31,Q4
61110059073,58,0.0,0.0,1.0,0.0,0.0,0.0,113220,,806800,0.0614525139664804,1974,1294,0.0,1.294,46,43,Q5 highest
61110073001,1821,0.3585941790225151,0.9506614241992803,0.8676551345414607,0.0164744645799011,0.0054914881933003,0.1103789126853377,173611,,2000001,0.1725888324873096,1988,1868,0.0,1.868,32,29,Q5 highest
61110074051,558,0.0,0.0,1.0,0.0,0.0,0.0,137930,,608000,0.4870259481037924,1989,3942,0.0,3.942,31,28,Q5 highest
61110074052,235,0.0127659574468085,0.1956984219160326,0.9957446808510638,0.0,0.0,0.0042553191489361,113750,,677000,0.1632183908045977,1974,1178,0.0,1.178,46,43,Q5 highest
61110074053,63,0.0,0.0,1.0,0.0,0.0,0.0,142524,,701000,0.0528735632183908,1984,1227,0.0,1.227,36,33,Q5 highest
120050009002,89,1.0449438202247192,1.0325400317965945,0.3595505617977528,0.3820224719101123,0.1123595505617977,0.146067415730337,60606,,105600,0.365,1986,1217,0.0,1.217,34,31,Q3
120050009003,73,1.0684931506849316,1.0182878757350995,0.3698630136986301,0.3013698630136986,0.2191780821917808,0.1095890410958904,50167,,134000,0.5163551401869159,1982,1088,0.0,1.088,38,35,Q2
120050010001,157,0.9745222929936306,0.9802475131311668,0.4076433121019108,0.2929936305732484,0.2165605095541401,0.0828025477707006,47045,,104300,0.2463414634146341,1967,1240,0.0,1.24,53,50,Q2
120050010002,787,0.963151207115629,1.023845085718571,0.445997458703939,0.241423125794155,0.2160101651842439,0.096569250317662,24375,,70000,0.5742574257425742,1958,1121,0.0,1.121,62,59,Q1 lowest
120050011001,43,0.5116279069767442,0.6680495071209637,0.5581395348837209,0.3953488372093023,0.0232558139534883,0.0232558139534883,38846,,130200,0.4524714828897338,1984,1715,0.0,1.715,36,33,Q1 lowest
120050011003,722,0.8337950138504155,0.9258615972020008,0.46398891966759,0.299168975069252,0.1759002770083102,0.0609418282548476,26875,,136400,0.5220729366602687,1972,1403,0.0,1.403,48,45,Q1 lowest
120050012001,1077,0.9925719591457752,1.031988631241758,0.4159702878365831,0.2952646239554317,0.1689879294336118,0.1197771587743732,36266,,54500,0.4482758620689655,1989,1948,0.0,1.948,31,28,Q1 lowest
120050012002,662,0.8610271903323263,0.961603632169604,0.4577039274924471,0.3066465256797583,0.1525679758308157,0.0830815709969788,54085,,119200,0.2541806020066889,1996,1548,0.0,1.548,24,21,Q2
120050013012,1731,0.4979780473714615,0.7733804346035849,0.6418255343731947,0.2524552281917966,0.071634893125361,0.0340843443096476,71714,,209800,0.2807133421400264,1992,4590,0.0,4.59,28,25,Q4
120050013021,505,0.8138613861386138,0.9558746620959064,0.495049504950495,0.2673267326732673,0.1663366336633663,0.0712871287128712,31802,,188900,0.5337781484570475,2001,2999,0.0,2.999,19,16,Q1 lowest
120050013022,470,0.9893617021276596,0.9630118980578248,0.3574468085106383,0.4063829787234042,0.125531914893617,0.1106382978723404,39639,,117900,0.5532503457814661,1985,1902,0.0,1.902,35,32,Q1 lowest
120050013023,592,0.7043918918918919,0.906144265510314,0.535472972972973,0.2905405405405405,0.1081081081081081,0.0658783783783783,38382,,68900,0.4466666666666666,1995,1387,0.0,1.387,25,22,Q1 lowest
120050013024,515,0.3262135922330097,0.5904494701985034,0.7300970873786408,0.2213592233009708,0.0407766990291262,0.0077669902912621,37287,,112600,0.3743842364532019,1977,926,0.0,0.926,43,40,Q1 lowest
120050014021,284,0.3380281690140845,0.6553646404289377,0.7394366197183099,0.2077464788732394,0.028169014084507,0.0246478873239436,120685,,304800,0.1546391752577319,1994,1294,0.0,1.294,26,23,Q5 highest
120050014022,809,0.3733003708281829,0.6422262563681693,0.7008652657601978,0.2398022249690976,0.0444993819530284,0.0148331273176761,93214,,258500,0.1144578313253012,1998,3502,0.0,3.502,22,19,Q4
120050014023,419,0.1718377088305489,0.4578598147492332,0.8591885441527446,0.1121718377088305,0.026252983293556,0.0023866348448687,78333,,162500,0.1542056074766355,1965,1318,0.0,1.318,55,52,Q4
120050014024,485,0.3237113402061856,0.62021277272039,0.7402061855670103,0.2144329896907216,0.0268041237113402,0.0185567010309278,63466,,140300,0.1122625215889464,1985,1743,0.0,1.743,35,32,Q3
120050014031,278,0.2553956834532374,0.6605623533420447,0.8381294964028777,0.0971223021582733,0.0359712230215827,0.0287769784172661,80547,,170100,0.2,1974,1361,0.0,1.361,46,43,Q4
120050014032,279,0.2616487455197133,0.5994591134468337,0.8136200716845878,0.1182795698924731,0.060931899641577,0.007168458781362,37813,,166500,0.5649122807017544,1981,695,0.0,0.695,39,36,Q1 lowest
120050014041,297,0.4781144781144781,0.7971819964720327,0.6734006734006734,0.2154882154882154,0.0707070707070707,0.0404040404040404,107622,,210300,0.0606717226435536,1981,2571,0.0,2.571,39,36,Q5 highest
120050014042,938,0.3358208955223881,0.6034553810483144,0.7292110874200426,0.2110874200426439,0.0543710021321961,0.0053304904051172,46722,,204300,0.1496598639455782,1979,749,0.0,0.749,41,38,Q2
120050014043,375,0.384,0.604581439160631,0.68,0.256,0.064,0.0,45875,,118900,0.1362007168458781,1979,949,0.0,0.949,41,38,Q2
120050014044,387,0.2609819121447028,0.5206632549552381,0.772609819121447,0.1989664082687338,0.0232558139534883,0.0051679586563307,54333,,178400,0.6426630434782609,1991,3108,0.0,3.108,29,26,Q3
120050015011,1156,0.4100346020761246,0.694844090778623,0.6911764705882353,0.2266435986159169,0.0631487889273356,0.0190311418685121,62123,,193100,0.4116047144152311,1991,2808,0.0,2.808,29,26,Q3
120050015012,707,0.2786421499292786,0.565920114263444,0.7708628005657708,0.1895332390381895,0.0297029702970297,0.0099009900990099,69321,,192000,0.3542688910696761,1988,2910,0.0,2.91,32,29,Q3
120050015021,528,0.5814393939393939,0.7449999122048343,0.5606060606060606,0.3106060606060606,0.115530303030303,0.0132575757575757,46339,,269000,0.5660130718954248,1997,1505,0.0,1.505,23,20,Q2
120050015022,762,0.5761154855643045,0.8203115508890737,0.610236220472441,0.2309711286089238,0.1312335958005249,0.0275590551181102,41685,,153500,0.3711538461538461,1973,1148,0.0,1.148,47,44,Q2
120050015023,396,0.702020202020202,0.8371718270135914,0.5075757575757576,0.3181818181818182,0.1388888888888889,0.0353535353535353,33417,,104300,0.7165217391304348,1979,1339,0.0,1.339,41,38,Q1 lowest
120050015024,684,0.5190058479532164,0.7717115316660156,0.631578947368421,0.239766081871345,0.1067251461988304,0.0219298245614035,81791,,207100,0.0960629921259842,1979,2033,0.0,2.033,41,38,Q4
120050016001,373,0.8981233243967829,0.9701577944028134,0.4477211796246649,0.2841823056300268,0.1903485254691689,0.0777479892761394,28000,,96100,0.9020618556701032,1985,1033,0.0,1.033,35,32,Q1 lowest
120050016002,530,0.8283018867924529,0.9298408015641824,0.4452830188679245,0.3679245283018867,0.1,0.0867924528301886,32955,,91500,0.711340206185567,1954,1014,0.0,1.014,66,63,Q1 lowest
120050016003,249,0.931726907630522,0.9110419359122836,0.3895582329317269,0.3493975903614458,0.2008032128514056,0.0602409638554216,21094,,212300,0.6463878326996197,1968,740,0.0,0.74,52,49,Q1 lowest
120050016004,362,0.7430939226519337,0.882435145587453,0.4972375690607735,0.3149171270718232,0.1353591160220994,0.0524861878453038,38864,,120200,0.0873015873015873,1977,864,0.0,0.864,43,40,Q1 lowest
120050017001,717,0.7824267782426778,0.8587851766403055,0.4602510460251046,0.3375174337517433,0.1617852161785216,0.0404463040446304,40116,,89300,0.6545454545454545,1969,1590,0.0,1.59,51,48,Q2
120050017002,651,0.880184331797235,0.8214943025039414,0.3563748079877112,0.4546850998463901,0.141321044546851,0.0476190476190476,35542,,63300,0.5009174311926605,1960,1381,0.0,1.381,60,57,Q1 lowest
120050018001,924,0.8203463203463204,0.9984698418635582,0.5043290043290043,0.2705627705627705,0.1255411255411255,0.0995670995670995,28021,,80800,0.4566929133858268,1953,1839,0.0,1.839,67,64,Q1 lowest
120050019001,186,0.3602150537634409,0.6011951672939201,0.6989247311827957,0.2473118279569892,0.0483870967741935,0.0053763440860215,44792,,221400,0.7454545454545455,1978,537,0.0,0.537,42,39,Q2
120050019002,484,0.6033057851239669,0.7249397929506394,0.512396694214876,0.3987603305785124,0.0619834710743801,0.0268595041322314,63636,,179500,0.1713147410358565,1951,1535,0.0,1.535,69,66,Q3
120050019003,688,0.4854651162790697,0.7648145318102346,0.6395348837209303,0.2776162790697674,0.0406976744186046,0.0421511627906976,77500,,158700,0.2463556851311953,1953,1551,0.0,1.551,67,64,Q4
120050019004,420,0.5357142857142857,0.6985567899726629,0.5642857142857143,0.3547619047619048,0.0619047619047619,0.019047619047619,59811,,111300,0.2921615201900237,1949,1182,0.0,1.182,71,68,Q3
120050020001,566,0.7296819787985865,0.8841188231079445,0.5159010600706714,0.284452296819788,0.1537102473498233,0.0459363957597173,16121,,77000,0.8118556701030928,1969,512,0.0,0.512,51,48,Q1 lowest
120050020002,666,0.6021021021021021,0.8856050623170518,0.6261261261261262,0.1891891891891892,0.1411411411411411,0.0435435435435435,29286,,84400,0.6918604651162791,1972,926,0.0,0.926,48,45,Q1 lowest
120050022002,226,0.6415929203539823,0.7999139580081867,0.5353982300884956,0.3141592920353982,0.1238938053097345,0.0265486725663716,40597,,159400,0.7618270799347472,1984,1415,0.0,1.415,36,33,Q2
120050022003,132,0.4545454545454545,0.7450973230517447,0.6742424242424242,0.2196969696969697,0.0833333333333333,0.0227272727272727,34677,,98700,0.284923928077455,1963,1725,0.0,1.725,57,54,Q1 lowest
120050023001,609,0.3793103448275862,0.7017123210320618,0.729064039408867,0.1822660098522167,0.0689655172413793,0.0197044334975369,44775,,108800,0.4155844155844156,1974,2140,0.0,2.14,46,43,Q2
120050023002,190,0.5263157894736842,0.7676268006266969,0.631578947368421,0.2210526315789473,0.1368421052631579,0.0105263157894736,37917,,143400,0.4815618221258134,1961,1688,0.0,1.688,59,56,Q1 lowest
120050024001,611,0.2176759410801964,0.4859486241419616,0.8134206219312602,0.1571194762684124,0.027823240589198,0.0016366612111292,28750,,95200,0.717391304347826,1972,1270,0.0,1.27,48,45,Q1 lowest
120050024002,633,0.2890995260663507,0.6007574158292395,0.7819905213270142,0.1532385466034755,0.0584518167456556,0.0063191153238546,31429,,98200,0.5986486486486486,1976,1920,0.0,1.92,44,41,Q1 lowest
120050024003,508,0.1673228346456693,0.471636454148627,0.8740157480314961,0.0846456692913385,0.0413385826771653,0.0,43822,,161300,0.5368421052631579,1960,1022,0.0,1.022,60,57,Q2
120050025001,496,0.3790322580645161,0.6677898651580599,0.7016129032258065,0.2419354838709677,0.032258064516129,0.0241935483870967,92614,,321400,0.1475409836065573,1980,2348,0.0,2.348,40,37,Q4
120050026041,173,0.3757225433526011,0.5528890016555161,0.6589595375722543,0.3063583815028902,0.0346820809248554,0.0,34762,,187800,0.681592039800995,1986,1076,0.0,1.076,34,31,Q1 lowest
120050026042,1292,0.0897832817337461,0.3358113742871261,0.9249226006191952,0.0611455108359133,0.0131578947368421,0.0007739938080495,79615,,221600,0.1335820895522388,1988,3697,0.0,3.697,32,29,Q4
120050026043,443,0.0428893905191873,0.2698462004564061,0.9683972911963884,0.0248306997742663,0.0022573363431151,0.0045146726862302,36131,,183800,0.4038668098818475,1988,2580,0.0,2.58,32,29,Q1 lowest
120050026044,31,0.1935483870967742,0.4774484152736417,0.8387096774193549,0.1290322580645161,0.032258064516129,0.0,53806,,201400,0.2879177377892031,2002,793,0.0,0.793,18,15,Q2
120050026051,462,0.0216450216450216,0.1456792734864342,0.9783549783549784,0.0216450216450216,0.0,0.0,49167,,261900,0.3279569892473118,1988,334,0.0,0.334,32,29,Q2
120050026061,51,0.0588235294117647,0.3105971478222137,0.9607843137254902,0.0196078431372549,0.0196078431372549,0.0,69375,,286400,0.4846625766871165,1989,676,0.0,0.676,31,28,Q3
120050026071,32,0.21875,0.6082431071696207,0.875,0.03125,0.09375,0.0,40208,,156700,0.4506517690875233,1991,1115,0.0,1.115,29,26,Q2
120050026081,273,0.3333333333333333,0.5644709478621484,0.7142857142857143,0.238095238095238,0.0476190476190476,0.0,78098,,285900,0.0891304347826087,1988,1138,0.0,1.138,32,29,Q4
120050026082,280,0.1714285714285714,0.4390092648961051,0.8535714285714285,0.1214285714285714,0.025,0.0,101875,,336900,0.2974588938714499,1997,1619,0.0,1.619,23,20,Q5 highest
290970104001,297,0.4747474747474747,0.9117487764103832,0.734006734006734,0.138047138047138,0.0471380471380471,0.0808080808080808,36106,,108800,0.6938461538461539,2001,2554,0.0,2.554,19,16,Q1 lowest
290970104002,966,1.4182194616977226,1.324554607896408,0.3975155279503105,0.1438923395445134,0.1014492753623188,0.3571428571428571,43977,,104700,0.2569974554707379,1979,865,0.0,0.865,41,38,Q2
290970104003,605,0.775206611570248,1.1788899953550658,0.6512396694214876,0.1024793388429752,0.0661157024793388,0.1801652892561983,56591,,146700,0.2527472527472527,1998,1627,0.0,1.627,22,19,Q3
290970105001,352,0.0085227272727272,0.0920552264902146,0.9914772727272728,0.0085227272727272,0.0,0.0,54732,,191700,0.5906183368869936,1977,1141,0.0,1.141,43,40,Q3
290970105002,391,0.0869565217391304,0.3824465045911969,0.9360613810741688,0.0511508951406649,0.0025575447570332,0.0102301790281329,52833,,117900,0.7369565217391304,1966,1027,0.0,1.027,54,51,Q2
290970105003,455,1.9274725274725275,1.2351377185216892,0.2285714285714285,0.1142857142857142,0.1582417582417582,0.4989010989010989,101181,,157100,0.1144278606965174,1959,585,0.0,0.585,61,58,Q5 highest
290970105004,475,1.408421052631579,1.2019378830294587,0.3052631578947368,0.2757894736842105,0.1242105263157894,0.2947368421052631,47386,,87400,0.3223880597014925,1985,696,0.0,0.696,35,32,Q2
290970105005,351,2.065527065527065,1.1532474365805674,0.1396011396011396,0.2136752136752136,0.0883190883190883,0.5584045584045584,28617,,151100,0.1822429906542056,2014,567,0.0,0.567,6,3,Q1 lowest
290970105006,724,0.1422651933701657,0.4374367135935753,0.8839779005524862,0.0980662983425414,0.0096685082872928,0.0082872928176795,43382,,108000,0.4681818181818182,1987,1394,0.0,1.394,33,30,Q2
290970107001,783,1.280970625798212,1.2583157979909692,0.3971902937420178,0.2171136653895274,0.0932311621966794,0.2924648786717752,22688,,94700,0.4205378973105134,1957,763,0.0,0.763,63,60,Q1 lowest
290970107002,496,0.7782258064516129,1.0245519727510335,0.5262096774193549,0.3024193548387097,0.0383064516129032,0.1330645161290322,44000,,98500,0.239010989010989,1961,978,0.0,0.978,59,56,Q2
290970107003,613,0.2936378466557912,0.56177994959584,0.7438825448613376,0.2349102773246329,0.0048939641109298,0.0163132137030995,52273,,117600,0.0,1967,961,0.0,0.961,53,50,Q2
290970108001,446,0.0,0.0,1.0,0.0,0.0,0.0,34444,,63200,0.4381188118811881,1949,947,0.0,0.947,71,68,Q1 lowest
290970108002,517,0.0019342359767891,0.0439799497133542,0.9980657640232108,0.0019342359767891,0.0,0.0,21793,,66700,0.7118155619596542,1939,844,0.0,0.844,81,78,Q1 lowest
290970108003,772,1.3380829015544042,1.2469211695114275,0.371761658031088,0.211139896373057,0.1243523316062176,0.2927461139896373,33819,,70300,0.511727078891258,1947,1294,0.0,1.294,73,70,Q1 lowest
290970108004,529,0.1228733459357277,0.3615340644554815,0.8865784499054821,0.10586011342155,0.0056710775047258,0.0018903591682419,38889,,68200,0.5721153846153846,1964,478,0.0,0.478,56,53,Q1 lowest
290970108005,625,2.0256,1.0798195480774824,0.1216,0.2048,0.2,0.4736,23750,,91800,0.2532894736842105,2011,801,0.0,0.801,9,6,Q1 lowest
290970110005,26,0.0,0.0,1.0,0.0,0.0,0.0,30139,,38700,0.6012461059190031,1948,710,0.0,0.71,72,69,Q1 lowest
291450205011,23,0.0434782608695652,0.2085144140570747,0.9565217391304348,0.0434782608695652,0.0,0.0,57829,,159300,0.2524822695035461,1980,1757,0.0,1.757,40,37,Q3
291450205012,144,0.0069444444444444,0.0833333333333333,0.9930555555555556,0.0069444444444444,0.0,0.0,50500,,193300,0.4633757961783439,1988,1539,0.0,1.539,32,29,Q2
291450205021,122,0.0655737704918032,0.2485563247617214,0.9344262295081968,0.0655737704918032,0.0,0.0,58636,,136800,0.312007874015748,1977,2329,0.0,2.329,43,40,Q3
291450205023,161,0.0124223602484472,0.1111067977078558,0.9875776397515528,0.0124223602484472,0.0,0.0,37105,,121300,0.3333333333333333,1981,1879,0.0,1.879,39,36,Q1 lowest
291450206011,104,0.0384615384615384,0.1932389698720778,0.9615384615384616,0.0384615384615384,0.0,0.0,96042,,331300,0.1096256684491978,1998,1049,0.0,1.049,22,19,Q4
370610906001,65,1.7076923076923076,0.6548634619874236,0.1076923076923077,0.0769230769230769,0.8153846153846154,0.0,31956,,77700,0.0722100656455142,1990,1115,0.0,1.115,30,27,Q1 lowest
371419202042,404,2.012376237623762,0.3027504963774249,0.0123762376237623,0.0024752475247524,0.9455445544554456,0.0396039603960396,35660,,100800,0.2516778523489933,1991,1864,0.0,1.864,29,26,Q1 lowest
371419203001,1402,0.1825962910128388,0.5687905883585097,0.9015691868758916,0.0171184022824536,0.0784593437945791,0.0028530670470756,35363,,105700,0.2622036262203626,1985,1589,0.0,1.589,35,32,Q1 lowest
371419203002,881,0.1021566401816118,0.4248073124473014,0.9375709421112371,0.0272417707150964,0.0306469920544835,0.0045402951191827,40962,,103100,0.1869009584664537,1975,1786,0.0,1.786,45,42,Q2
371419204011,239,0.00836820083682,0.091285488053153,0.99163179916318,0.00836820083682,0.0,0.0,31029,,142700,0.4024390243902439,1988,2415,0.0,2.415,32,29,Q1 lowest
371419204021,235,0.0,0.0,1.0,0.0,0.0,0.0,38214,,107700,0.224907063197026,1982,1254,0.0,1.254,38,35,Q1 lowest
371419204022,664,0.019578313253012,0.2082226804581596,0.9894578313253012,0.0045180722891566,0.003012048192771,0.003012048192771,42500,,114000,0.3768115942028985,1970,2126,0.0,2.126,50,47,Q2
371419204031,778,0.9151670951156812,1.0009011565566508,0.5295629820051414,0.0424164524421593,0.4113110539845758,0.0167095115681233,31850,,119300,0.3199195171026157,1993,1292,0.0,1.292,27,24,Q1 lowest
371419204032,358,0.0223463687150838,0.1967610919661375,0.9832402234636872,0.0139664804469273,0.0,0.0027932960893854,54464,,165100,0.2758620689655172,1982,2639,0.0,2.639,38,35,Q3
400272016021,435,0.0,0.0,1.0,0.0,0.0,0.0,61154,,94500,0.3125,1971,1694,0.0,1.694,49,46,Q3
400272016022,410,0.0,0.0,1.0,0.0,0.0,0.0,71591,,101600,0.1666666666666666,1976,880,0.0,0.88,44,41,Q4
400272016023,356,0.0,0.0,1.0,0.0,0.0,0.0,58750,,102600,0.1634615384615384,1970,574,0.0,0.574,50,47,Q3
400272016031,75,0.0,0.0,1.0,0.0,0.0,0.0,51528,,82100,0.681265206812652,1971,1091,0.0,1.091,49,46,Q2
400272016032,250,0.008,0.0892629345582127,0.992,0.008,0.0,0.0,41165,,87800,0.7373029772329247,1968,1266,0.0,1.266,52,49,Q2
400272016033,585,0.0085470085470085,0.0921328789986341,0.9914529914529916,0.0085470085470085,0.0,0.0,56528,,92500,0.1576923076923077,1962,656,0.0,0.656,58,55,Q3
400272016034,622,0.0016077170418006,0.0400963469882312,0.9983922829581994,0.0016077170418006,0.0,0.0,49138,,74600,0.2535714285714285,1967,797,0.0,0.797,53,50,Q2
400272016041,486,1.199588477366255,1.2888418182080386,0.4650205761316872,0.1543209876543209,0.0967078189300411,0.2839506172839506,55111,,117000,0.4175126903553299,2004,2258,0.0,2.258,16,13,Q3
400272016042,948,1.5506329113924051,1.375824460610093,0.3924050632911392,0.0938818565400844,0.0843881856540084,0.4293248945147679,56727,,104700,0.4466666666666666,1973,880,0.0,0.88,47,44,Q3
400272016071,395,0.0,0.0,1.0,0.0,0.0,0.0,87056,,243800,0.2806201550387597,2005,2031,0.0,2.031,15,12,Q4
400272016072,123,0.0,0.0,1.0,0.0,0.0,0.0,88272,,173000,0.2820685023505708,1998,3869,0.0,3.869,22,19,Q4
400272016111,1263,1.283452098178939,1.3413230420194286,0.4608076009501187,0.1314330958036421,0.0712589073634204,0.3365003958828186,80529,,154200,0.0832137733142037,1996,1944,0.0,1.944,24,21,Q4
400272016121,37,0.0,0.0,1.0,0.0,0.0,0.0,66170,,117600,0.3696498054474708,1981,1471,0.0,1.471,39,36,Q3
400272016122,102,0.0,0.0,1.0,0.0,0.0,0.0,66813,,149300,0.4293286219081272,2004,1053,0.0,1.053,16,13,Q3
400272016123,665,0.0,0.0,1.0,0.0,0.0,0.0,72132,,134900,0.1410867492850333,1987,2953,0.0,2.953,33,30,Q4
400272020073,96,0.0,0.0,1.0,0.0,0.0,0.0,55655,,162500,0.039647577092511,1993,679,0.0,0.679,27,24,Q3
400272021021,764,0.0026178010471204,0.0511309115429276,0.9973821989528796,0.0026178010471204,0.0,0.0,62019,,94400,0.3995680345572354,1965,1162,0.0,1.162,55,52,Q3
400272021022,738,0.0013550135501355,0.0368105086916155,0.9986449864498644,0.0013550135501355,0.0,0.0,31140,,89800,0.6343792633015006,1975,1391,0.0,1.391,45,42,Q1 lowest
400272021041,426,0.6408450704225352,1.127255173131671,0.715962441314554,0.0892018779342723,0.0328638497652582,0.1619718309859155,67669,,113900,0.189127972819932,1978,2539,0.0,2.539,42,39,Q3
400272021051,1072,0.0,0.0,1.0,0.0,0.0,0.0,54063,,145300,0.4233918128654971,1989,2337,0.0,2.337,31,28,Q2
400272021052,1208,0.6937086092715232,1.1458191663957793,0.6879139072847682,0.0985099337748344,0.0455298013245033,0.168046357615894,37404,,114900,0.4786324786324786,1985,330,0.0,0.33,35,32,Q1 lowest
400272021061,668,0.1062874251497006,0.5099513349718159,0.9520958083832336,0.0134730538922155,0.0104790419161676,0.0239520958083832,82045,,152600,0.1285714285714285,2000,1420,0.0,1.42,20,17,Q4
400272021062,742,0.0,0.0,1.0,0.0,0.0,0.0,72841,,140200,0.1898110106820049,1989,3426,0.0,3.426,31,28,Q4
400272021063,598,0.0066889632107023,0.0815803305352861,0.9933110367892976,0.0066889632107023,0.0,0.0,68063,,124200,0.2529182879377432,1979,2040,0.0,2.04,41,38,Q3
400272021071,1459,0.1864290610006854,0.6421902334122911,0.9054146675805346,0.0411240575736806,0.0150788211103495,0.0383824537354352,103846,,220100,0.116412213740458,2006,3119,0.0,3.119,14,11,Q5 highest
400272022011,351,0.0028490028490028,0.0533760512683623,0.9971509971509972,0.0028490028490028,0.0,0.0,82222,,191200,0.1383363471971067,2001,3223,0.0,3.223,19,16,Q4
400272022051,731,0.3488372093023256,0.7657447906592575,0.7879616963064295,0.1176470588235294,0.0519835841313269,0.042407660738714,95453,,183300,0.193935119887165,2003,4288,0.0,4.288,17,14,Q4
400272022052,309,0.0,0.0,1.0,0.0,0.0,0.0,64407,,135600,0.2181987000928505,1999,2902,0.0,2.902,21,18,Q3
400370207061,744,0.0282258064516129,0.1885242613720125,0.9758064516129032,0.0201612903225806,0.0040322580645161,0.0,42260,,101400,0.2522639068564036,1985,1974,0.0,1.974,35,32,Q2
400370207062,864,0.1412037037037037,0.5683555063793169,0.9340277777777778,0.0162037037037037,0.0243055555555555,0.0254629629629629,54091,,121800,0.2001763668430335,1984,3051,0.0,3.051,36,33,Q2
401139400011,362,0.2320441988950276,0.6584382750341642,0.861878453038674,0.0773480662983425,0.0276243093922651,0.0331491712707182,41000,,74700,0.1179245283018868,1977,1100,0.0,1.1,43,40,Q2
401139400072,169,0.0118343195266272,0.1084614085677137,0.9881656804733728,0.0118343195266272,0.0,0.0,58393,,144200,0.1557971014492753,1979,1285,0.0,1.285,41,38,Q3
401139400091,111,0.018018018018018,0.1336196761492028,0.981981981981982,0.018018018018018,0.0,0.0,72292,,164600,0.0705363703159441,1995,3735,0.0,3.735,25,22,Q4
401179572001,732,0.1598360655737705,0.5464713072444036,0.907103825136612,0.040983606557377,0.0368852459016393,0.0150273224043715,45057,,99200,0.2401263823064771,1980,1529,0.0,1.529,40,37,Q2
401179572002,243,0.3251028806584362,0.7907441636503166,0.823045267489712,0.0823045267489712,0.0411522633744856,0.0534979423868312,60000,,109800,0.1132530120481927,1978,2178,0.0,2.178,42,39,Q3
401179572003,404,0.3242574257425742,0.8749651212158263,0.8663366336633663,0.0247524752475247,0.0272277227722772,0.0816831683168316,46875,,98300,0.1008403361344537,1986,635,0.0,0.635,34,31,Q2
401430095001,223,0.1748878923766816,0.5119269910172978,0.8834080717488789,0.0582959641255605,0.0582959641255605,0.0,72333,,131800,0.1108870967741935,1985,1322,0.0,1.322,35,32,Q4
401430095002,89,1.0337078651685394,1.1525607674992002,0.4943820224719101,0.1235955056179775,0.2359550561797752,0.146067415730337,67200,,165400,0.1306306306306306,1988,2636,0.0,2.636,32,29,Q3
481576710012,66,0.4242424242424242,0.4980147066288785,0.5757575757575758,0.4242424242424242,0.0,0.0,88774,,192500,0.1709770114942528,1977,1475,0.0,1.475,43,40,Q4
481576715014,41,0.0,0.0,1.0,0.0,0.0,0.0,110865,,247100,0.2503242542153048,1993,2359,0.0,2.359,27,24,Q5 highest
482012114003,41,0.0,0.0,1.0,0.0,0.0,0.0,49402,,203200,0.3572679509632224,2003,1116,0.0,1.116,17,14,Q2
482012408021,144,0.6597222222222222,0.9173021742824328,0.6458333333333334,0.0486111111111111,0.3055555555555556,0.0,42414,,144400,0.5077821011673151,2003,2921,0.0,2.921,17,14,Q2
482014111001,96,0.0,0.0,1.0,0.0,0.0,0.0,245833,,2000001,0.0333333333333333,1939,1603,0.0,1.603,81,78,Q5 highest
482014112001,141,0.475177304964539,0.8244613850758907,0.7375886524822695,0.0496453900709219,0.2127659574468085,0.0,178333,,2000001,0.1722488038277512,1965,1059,0.0,1.059,55,52,Q5 highest
482014112002,44,0.0,0.0,1.0,0.0,0.0,0.0,250001,,2000001,0.0583090379008746,1951,985,0.0,0.985,69,66,Q5 highest
482014302001,169,0.5266272189349113,0.8664726574794391,0.7218934911242604,0.029585798816568,0.2485207100591716,0.0,76518,,757100,0.6471408647140865,1966,1571,0.0,1.571,54,51,Q4
482014303001,25,1.8,0.4082482904638631,0.0,0.2,0.8,0.0,250001,,1326900,0.0,1973,1142,0.0,1.142,47,44,Q5 highest
482014303003,24,0.25,0.4423258684646914,0.75,0.25,0.0,0.0,250001,,1316700,0.009090909090909,1968,1785,0.0,1.785,52,49,Q5 highest
482014304002,142,1.2183098591549295,0.9079334901055798,0.2746478873239437,0.2816901408450704,0.3943661971830985,0.0492957746478873,250001,,1679300,0.0,1979,1972,0.0,1.972,41,38,Q5 highest
482014306002,81,1.0493827160493827,0.497524737271958,0.0987654320987654,0.7530864197530864,0.1481481481481481,0.0,250001,,1314200,0.0116959064327485,1973,2903,0.0,2.903,47,44,Q5 highest
482014308001,297,1.3131313131313131,0.8657889463318983,0.2525252525252525,0.1952861952861952,0.5387205387205387,0.0134680134680134,118811,,744900,0.5110316040548599,2002,3821,0.0,3.821,18,15,Q5 highest
482014308002,41,0.0,0.0,1.0,0.0,0.0,0.0,152188,,613900,0.2176165803108808,1967,1740,0.0,1.74,53,50,Q5 highest
482014309001,211,1.7156398104265402,0.538686182279638,0.0,0.3270142180094786,0.6303317535545023,0.0426540284360189,83229,,554400,0.1124763705103969,1980,2039,0.0,2.039,40,37,Q4
482014309002,185,1.4216216216216215,0.7189723701889954,0.1081081081081081,0.3891891891891892,0.4756756756756757,0.027027027027027,250001,,481600,0.0561056105610561,1983,753,0.0,0.753,37,34,Q5 highest
482014309003,305,1.7442622950819673,0.6490186392800079,0.0983606557377049,0.0754098360655737,0.8098360655737705,0.0163934426229508,101369,,589700,0.052930056710775,1973,1445,0.0,1.445,47,44,Q5 highest
482014309004,372,2.067204301075269,0.250712690199904,0.0,0.0,0.9327956989247312,0.0672043010752688,89239,,434400,0.2374213836477987,1976,1881,0.0,1.881,44,41,Q4
482014311011,396,1.595959595959596,0.8409661944070842,0.2121212121212121,0.0,0.7676767676767676,0.0202020202020202,98269,,314300,0.0,1978,555,0.0,0.555,42,39,Q4
482014311021,38,0.5789473684210527,0.91921173478762,0.7105263157894737,0.0,0.2894736842105263,0.0,40276,,666700,0.917753259779338,1977,2417,0.0,2.417,43,40,Q2
482014311022,46,2.0,0.0,0.0,0.0,1.0,0.0,44186,,181300,0.687624750499002,1989,1434,0.0,1.434,31,28,Q2
482014316001,97,0.6907216494845361,0.4645971539558949,0.3092783505154639,0.6907216494845361,0.0,0.0,250001,,1337100,0.0,1975,907,0.0,0.907,45,42,Q5 highest
482014316003,88,1.2840909090909092,0.6242027307788773,0.0909090909090909,0.5340909090909091,0.375,0.0,98452,,273600,0.1479885057471264,1969,1241,0.0,1.241,51,48,Q4
482014501001,59,0.0,0.0,1.0,0.0,0.0,0.0,101250,,437700,0.2670089858793324,1966,2012,0.0,2.012,54,51,Q5 highest
482014502001,47,0.1276595744680851,0.4941844962903308,0.9361702127659576,0.0,0.0638297872340425,0.0,170139,,627000,0.0671031096563011,1967,1868,0.0,1.868,53,50,Q5 highest
482014502002,292,0.4143835616438356,0.6602602554691744,0.6815068493150684,0.2226027397260274,0.0958904109589041,0.0,108750,,666900,0.3216019417475728,1965,2196,0.0,2.196,55,52,Q5 highest
482014502003,183,0.0,0.0,1.0,0.0,0.0,0.0,92625,,474400,0.0358126721763085,1967,1047,0.0,1.047,53,50,Q4
482014505001,496,0.7076612903225806,0.9305270442031672,0.6209677419354839,0.0504032258064516,0.3286290322580645,0.0,150662,,384000,0.0809248554913294,1982,1166,0.0,1.166,38,35,Q5 highest
482014505002,637,1.9513343799058085,0.3535341909600809,0.0204081632653061,0.0266875981161695,0.934065934065934,0.0188383045525902,161548,,426700,0.0421875,1979,1626,0.0,1.626,41,38,Q5 highest
482014506001,371,1.7466307277628033,0.6620673771740435,0.0646900269541779,0.183288409703504,0.692722371967655,0.059299191374663,140278,,458100,0.1630434782608695,1966,1209,0.0,1.209,54,51,Q5 highest
482014506002,218,1.1697247706422018,0.9075215234939528,0.3211009174311927,0.2064220183486238,0.4541284403669725,0.018348623853211,104537,,481000,0.3879310344827586,1967,1584,0.0,1.584,53,50,Q5 highest
482014506003,239,1.209205020920502,0.9734711110291342,0.3849372384937238,0.0251046025104602,0.5857740585774058,0.00418410041841,98224,,355700,0.6973262032085561,1990,1968,0.0,1.968,30,27,Q4
482014507001,323,1.0061919504643964,0.9684264243803496,0.4148606811145511,0.2136222910216718,0.3219814241486068,0.0495356037151702,147125,,520500,0.1354838709677419,1966,1499,0.0,1.499,54,51,Q5 highest
482014507002,588,1.717687074829932,0.803671361064868,0.1122448979591836,0.1666666666666666,0.6122448979591837,0.1088435374149659,217593,,739000,0.0634095634095634,1967,2974,0.0,2.974,53,50,Q5 highest
482014507003,991,2.012108980827447,0.522092422088361,0.0151362260343087,0.0847628657921291,0.7729566094853683,0.1271442986881937,190078,,602100,0.0145808019441069,1967,2210,0.0,2.21,53,50,Q5 highest
482014508011,239,2.192468619246862,0.405562393601216,0.0,0.00418410041841,0.799163179916318,0.1966527196652719,91150,,650000,0.6519916142557652,1994,681,0.0,0.681,26,23,Q4
482014508012,139,2.0071942446043165,0.084818892967997,0.0,0.0,0.9928057553956836,0.0071942446043165,37344,,385700,0.956989247311828,1976,986,0.0,0.986,44,41,Q1 lowest
482014509002,259,0.193050193050193,0.3954562194502705,0.806949806949807,0.193050193050193,0.0,0.0,78650,,311300,0.491103202846975,1977,1984,0.0,1.984,43,40,Q4
482014511002,332,1.4337349397590362,0.5908214586455619,0.0512048192771084,0.463855421686747,0.4849397590361445,0.0,67813,,168300,0.3723404255319149,1976,1191,0.0,1.191,44,41,Q3
482014512001,491,1.9164969450101832,0.4029897824840801,0.0040733197556008,0.1140529531568228,0.8431771894093686,0.0386965376782077,137784,,323400,0.1715265866209262,1970,1641,0.0,1.641,50,47,Q5 highest
482014512002,445,1.768539325842697,0.4379506702285074,0.0067415730337078,0.2179775280898876,0.7752808988764045,0.0,136034,,331000,0.0779467680608365,1976,1295,0.0,1.295,44,41,Q5 highest
482014514011,36,0.0,0.0,1.0,0.0,0.0,0.0,51250,,191300,0.6501272264631043,1986,1389,0.0,1.389,34,31,Q2
482014543022,107,0.0,0.0,1.0,0.0,0.0,0.0,55734,,119400,0.296127562642369,1987,4647,0.0,4.647,33,30,Q3
482015224013,64,0.0,0.0,1.0,0.0,0.0,0.0,50721,,178700,0.538562091503268,1970,1953,0.0,1.953,50,47,Q2
482015224014,106,0.0,0.0,1.0,0.0,0.0,0.0,47227,,338900,0.8805620608899297,1975,1600,0.0,1.6,45,42,Q2
482015224021,73,0.0273972602739726,0.1643677059831627,0.9726027397260274,0.0273972602739726,0.0,0.0,53047,,202100,0.4542682926829268,1966,3161,0.0,3.161,54,51,Q2
482015405021,558,1.5573476702508962,0.7900467846883235,0.1827956989247312,0.082437275985663,0.7293906810035843,0.0053763440860215,95323,,122300,0.1909385113268608,1978,1822,0.0,1.822,42,39,Q4
482015405022,860,2.031395348837209,0.2732811146331341,0.0,0.0220930232558139,0.9244186046511628,0.0534883720930232,74731,,143500,0.1488833746898263,1977,2099,0.0,2.099,43,40,Q4
482015405023,631,0.9144215530903328,0.8831570029457886,0.4358161648177496,0.2139461172741679,0.3502377179080824,0.0,70375,,141200,0.231578947368421,1977,1323,0.0,1.323,43,40,Q3
482015406011,1427,1.1878065872459709,0.8805470673852943,0.2985283812193413,0.2277505255781359,0.4611072179397337,0.012613875262789,73929,,156000,0.1422319474835886,1991,2734,0.0,2.734,29,26,Q4
482015407002,433,2.0115473441108547,0.1591518556186672,0.0,0.0069284064665127,0.97459584295612,0.0184757505773672,66773,,131100,0.3151969981238274,1994,3473,0.0,3.473,26,23,Q3
482015407003,168,1.8452380952380956,0.3627588109849965,0.0,0.1547619047619047,0.8452380952380952,0.0,70636,,125200,0.0670194003527336,1985,1810,0.0,1.81,35,32,Q3
482015409011,107,0.0,0.0,1.0,0.0,0.0,0.0,109028,,229400,0.1825922421948912,1993,2600,0.0,2.6,27,24,Q5 highest
482015412031,403,0.0,0.0,1.0,0.0,0.0,0.0,143293,,223400,0.0612244897959183,1986,1611,0.0,1.611,34,31,Q5 highest
482015412032,59,0.0,0.0,1.0,0.0,0.0,0.0,104545,,193300,0.0829383886255924,1985,1075,0.0,1.075,35,32,Q5 highest
482015514003,35,0.0,0.0,1.0,0.0,0.0,0.0,64583,,165900,0.4890829694323144,1999,3008,0.0,3.008,21,18,Q3
482015522002,82,0.7195121951219512,1.0573013661495896,0.6463414634146342,0.073170731707317,0.1951219512195122,0.0853658536585365,48409,,204400,0.5613107822410148,1999,2423,0.0,2.423,21,18,Q2
482015523011,38,0.7894736842105263,0.9345585671882628,0.5526315789473685,0.1052631578947368,0.3421052631578947,0.0,79309,,156500,0.2292358803986711,1982,2536,0.0,2.536,38,35,Q4
482015530022,21,1.5714285714285714,0.5070925528371099,0.0,0.4285714285714285,0.5714285714285714,0.0,100179,,281000,0.1433408577878104,1991,2531,0.0,2.531,29,26,Q4
482015534012,46,0.2608695652173913,0.4439610898213518,0.7391304347826086,0.2608695652173913,0.0,0.0,115893,,202100,0.0631741140215716,1989,1880,0.0,1.88,31,28,Q5 highest
482015535002,48,0.0,0.0,1.0,0.0,0.0,0.0,71202,,156000,0.1750524109014675,1979,2530,0.0,2.53,41,38,Q4
482015543021,44,0.25,0.4380187953915665,0.75,0.25,0.0,0.0,57372,,202200,0.6732283464566929,1982,2424,0.0,2.424,38,35,Q3
482015545011,80,0.0,0.0,1.0,0.0,0.0,0.0,101583,,251000,0.0160295930949445,2005,2739,0.0,2.739,15,12,Q5 highest
